Project,Original Version,Original Commit,Backport Version,Backport Commit,Backport Date,Type
crate,master,3247cc6e48a2d4da79bf8aa4ca77d750af5e164a,6.1,1974dab17d6a3bc331291d0ed075e04a2deaef4a,2026-01-07 13:08:38+00:00,TYPE-II
crate,master,4f42b38d70b18e2b3c1d760e4f406c00b163c465,6.1,c08290ccf4521eabe33d32c5f146aedcf167dbdf,2026-01-07 11:10:44+00:00,TYPE-I
crate,master,834640ed7b3fee5d11a6433ee42ef66115e5f316,6.1,2c1210da4dc9e2ff29f8d6781b2c32e03ab49eae,2026-01-07 08:47:06+00:00,TYPE-I
crate,master,e17bd286fd9fb7fe8904fdfaf5010b6ba28b3083,6.1,0315d0425bf3ba0cb4059e61bfacb6ddf135d428,2025-12-16 11:44:14+00:00,TYPE-II
crate,master,607d738b93ecc8ea82e38cc5c6aef2ca0e6d9f4e,6.1,6cf83ccbc8d94dde3bbfb3af0039ec8bf2bba61e,2025-12-09 16:39:40+00:00,TYPE-I
crate,master,d31bd126c49b8283fa5a28b6ec90099024bedef1,6.1,418f2f245aec87d96ba287b00e2dd590560c9e27,2025-12-04 17:25:59+00:00,TYPE-I
crate,master,a2f572fc480380b3c2d17fd3b5e436e759723c19,5.10,c0d5e58eb817a0ed54aab1d9e52c68ae4ac7f73e,2025-11-18 12:36:01+00:00,TYPE-I
crate,master,6a47f8482c7f059e7b465ee36edc41bf7048bd70,6.1,90e76c3908c298ab85a6531759c55da852b0f29b,2025-11-18 08:36:47+00:00,TYPE-I
crate,master,ad747ce7703ff4a4d3522fd9d79f5c7f265147b5,6.1,abd54b04256f814a3f5df17fb21d2e9826db79eb,2025-11-18 07:00:22+00:00,TYPE-I
crate,master,bc477183cadc3343e449651fcfeae86dd6c6fbc6,6.1,2dc7eb4aaab286327d3e0069a1a446b17c9be026,2025-11-17 14:25:17+00:00,TYPE-I
crate,master,876fdd0e4b9a55df92ef565f4a0b4227e354a70a,6.1,a2198d2484eb83b7f2821e52adb2a51eada92b09,2025-11-12 13:27:05+00:00,TYPE-I
crate,master,091d3a3d551f92a57f2c1ab729b1946fddfc43d3,6.1,94d0e18a1d9fd2f899e48815c66a790b9466603a,2025-11-11 07:40:03+00:00,TYPE-V
crate,master,9879c7e2b526903252e3fb761658fc893022918c,6.1,9ad6785dded889401671a1679d4c154695df85bc,2025-11-10 09:38:00+00:00,TYPE-II
crate,master,2414401337b6b12b3392502285257bd1913c27b9,6.1,7d4bde801d2628e3e8ba8e5cebaca3e4afd5265d,2025-11-07 08:51:04+00:00,TYPE-I
crate,master,a9199b9f781a9db3a49c1a8341e6837d63ed7980,5.10,729957bc6228bd6bb87f428a830c34238628cdd8,2025-10-30 11:44:39+00:00,TYPE-II
crate,master,43de35c74ab4d625c289f68a66197c21e923f550,5.10,b90a7a24c6d910e9cf87055c07169644bc47e858,2025-10-29 16:04:38+00:00,TYPE-I
crate,master,f110187717d7d702d7f16abdf9bced3a62a5d90e,6.0,ee82e9c66ddd5cc1474ef91801693b5849b92b96,2025-10-28 14:43:07+00:00,TYPE-II
crate,master,a5b58411425101903763df8df41237801652ca8b,6.0,85b3c8adb1a8c2dc24188862e5f9fec4b5b0620a,2025-10-28 06:40:51+00:00,TYPE-V
crate,master,114e47c51d454af27064a2e9b2af0bb94f590026,6.1,eec83a184b28a99a880e89dd2c0307ca3dad8d33,2025-10-22 13:37:25+00:00,TYPE-I
crate,master,e45819fd5822dca162ef9adf7710ea40f73d1745,6.1,15775bcd8b428c6ad364254a2e83872cfc4733e0,2025-10-21 17:58:00+00:00,TYPE-I
crate,master,ad91e3aaffbfd5bff986593c3c57c89f0b52425a,6.1,ed7e7467f9c9883784e7d44558cb95ea69eea74c,2025-10-21 12:03:17+00:00,TYPE-I
crate,master,897cc0651cf51d8c520fba0cbadcfa4a5009bc07,6.0,a735d95e81af2d67af2a23ac3279b0d4b403f266,2025-10-16 19:02:39+00:00,TYPE-I
crate,master,2a9a9fb6a4f094adabe3601000407898978ffa8a,6.0,1db907e14d46033bfe3acbffe9c741d0db1a054a,2025-10-13 05:46:09+00:00,TYPE-I
crate,master,0e0dd739ac60fb9db95be668067d2630a72db71c,6.0,9418466aa40f3d12d37af40fe1b33ef6213a4d8c,2025-10-02 22:52:54+00:00,TYPE-II
crate,master,fb594fd1890034181af9696e97184ef0ba2ae000,6.0,99336f5c40c8769e17db257376d708fcbf183b60,2025-09-30 17:19:43+00:00,TYPE-II
crate,master,ffeaa8be341dc98fcd4a30f3b6be8df9ae8b5dcf,6.0,103e4306acc1674229c3b6fd2eb38a2c0e14a3f9,2025-09-29 10:24:08+00:00,TYPE-I
crate,master,e7228911f64b3a3a8376e95dc258c845d76cef61,6.0,af79a03f61f8e5260c58093b213e0a66aac0d2e9,2025-09-24 08:12:00+00:00,TYPE-I
crate,master,d95ae1e55eea54e273f47a25b3514b6da52faa9e,5.10,c717f1504838a6d6b00fbb3a42084f0ee9809293,2025-09-23 05:50:39+00:00,TYPE-I
crate,master,68e693a5030ae906ff80ab11903e6e8711f9b893,5.10,3a7f35461c9b68648bd42d9ce9f8ce8d3b567058,2025-09-18 16:06:49+00:00,TYPE-II
crate,master,5afcf36990a94941c8fe4909953c5ed3bb5981cd,5.10,8998913dfc61ead7ecf4b89e051aa9907d984b1d,2025-09-16 07:14:56+00:00,TYPE-I
crate,master,0ec94296803b0265f30cd2c039781069c10fba5e,6.0,89dd62899e80c0f7de9820abe22a32b388ab4dac,2025-09-03 16:26:27+00:00,TYPE-II
crate,master,422c9d48ae8aee46e0e7550e26d8d326cfa6468d,5.10,d17ad1dfa72d576ede22aa9bf792dac6d291079d,2025-08-26 17:30:54+00:00,TYPE-I
crate,master,30abc0f980778976840a80436d746fd445fd3e26,5.10,e600023e45b8dbf065d33c4e930c9a212d71365a,2025-08-09 15:06:01+00:00,TYPE-V
crate,master,7e4bc7e9a73d300f97e6905fec14412bf3cd15a2,6.0,7bb9c7a1434d39a7d1bead8f1b31d1313ac27e06,2025-08-07 14:25:49+00:00,TYPE-I
crate,master,b9c42c9bbc08a39b51c7205a98da6972b56ce612,5.10,e01a59319d802383fe4193c04cc0afce9d0c8d9a,2025-08-04 16:35:28+00:00,TYPE-V
crate,master,c7702f1de3a49bfa1b25d522792fa365c8570b8c,6.0,ec29714076de24f7280f61ccde3eb5e8ae69099e,2025-07-21 15:20:37+00:00,TYPE-I
crate,master,d555d31dd8c2ba07fdf04439a644bb2f99f79416,5.10,dfb822a63738eaac98f4e239cdb3ac1fc230d483,2025-07-08 15:15:49+00:00,TYPE-I
crate,master,3c5e054f07eb7f1a431a6c29766873a12aee5436,5.10,1167b1ff0671151fccec1ac0914bcc0b8bd436f4,2025-07-07 14:36:00+00:00,TYPE-I
crate,master,fe2b6ad7429fcb7e909d2f2007b1b0ed66814322,5.10,62e69b530a0ae95f724b7004f17468bfcfb510cd,2025-06-27 12:44:59+00:00,TYPE-I
crate,master,0ce13db97eee63f04f07a9823e956a451ed7b9af,5.10,0901a6f909f62b1ee142c9eb0566ac24989561f8,2025-06-27 10:00:10+00:00,TYPE-I
crate,master,006187ad50f256dfb4f1018c01fd54bc2456fd66,5.10,4d0ac298bc694eab4608bf459fff249f82bf1519,2025-06-25 15:44:25+00:00,TYPE-II
crate,master,06f4a8491123c8c38af1a63e39d2120fa3879528,5.10,ebb73c5d5984e5aaa23908ec77837510db5eb734,2025-06-17 14:22:18+00:00,TYPE-I
crate,master,bb4205db375cc17694818cbb88f03dc039a805ce,5.10,02fa4cc72400152e6dd772860031991dfbf2f847,2025-06-13 14:34:04+00:00,TYPE-V
crate,master,bd3219ec49ccabf5a70191a20fba2cadd07ed6ac,5.10,0df5dbcccfe8357ef9d86d38fcee3f24ca409f65,2025-06-13 13:40:31+00:00,TYPE-II
crate,master,39a10a2ffb72f6923d9db6346c0a6003a22536b9,5.10,971b775e58399e3ae9182a031304ff23c899a9f8,2025-06-13 11:02:32+00:00,TYPE-I
crate,master,9ed0b68b5eaf0677f1e202957b0ea8035433fc9e,5.10,5445954ce4469af3734ab14efa88f7bf32961974,2025-06-12 18:59:03+00:00,TYPE-II
crate,master,9b61be3c7aef89289e8575e23dad7ca8e9bdc12e,5.10,021eb4ea02b4f364ad83b5bf103bb8366655dfa1,2025-06-04 14:33:29+00:00,TYPE-II
crate,master,1bdffa597776b5b71f290448017985319e670a91,5.10,5c54ff4e50944b035a2f387e406ca11f7dd20e87,2025-05-28 09:27:08+00:00,TYPE-V
crate,master,aa95e238cb34afeae0bc1d91b524c0fd99ea6c1f,5.10,e1b40b6695386cdb95fa9a04bdaccb37c1163970,2025-05-21 13:52:39+00:00,TYPE-I
crate,master,c209664b06f0668788ad161f895aea23e94bddc1,5.10,ccdafe7d64a1430426112a9bee90672a8f30eb4e,2025-05-20 11:37:37+00:00,TYPE-II
crate,master,be4baf1f66ed25179a1a64bafc86783f74e9ddac,5.10,057dd5d976a6e1087be569472a7b580156bff534,2025-05-14 18:56:33+00:00,TYPE-I
crate,master,9146b46f29f0d1513e6f6ba6cfd7f732a8b1b475,5.10,94ca527f2b183b32292fca41880e639f48d2160b,2025-05-13 13:22:52+00:00,TYPE-I
crate,master,4d798870629427e6e7ce966df47cdb22fb27136e,5.10,674c67b31eb85ecd7dfe83441e8eaefa5c0d9db1,2025-05-06 14:15:20+00:00,TYPE-II
crate,master,6b0c28a33d560ec4ebf11a8b1ed169e67953dfb8,5.10,c1644ebe26ff063017b88db616e2ebca0004e745,2025-04-23 16:31:09+00:00,TYPE-II
crate,master,3d3bf8420bc62678d696f0d632b0e857e40c0e8e,5.10,02ea68b62cb63a7fd6176a5174df94d5fb1016b5,2025-04-16 09:51:50+00:00,TYPE-V
crate,master,e71e127665e14038f196eab7fd8ce56cb6aea2c3,5.10,d60fe8f9802bd39da0b9358c7725fc1673ac5a18,2025-04-15 14:14:28+00:00,TYPE-I
crate,master,eb25315655e602a61877f00adc097222802f8d02,5.10,9197f064a3f8f9fee762ce48e45c62311dc0d55a,2025-04-07 06:32:44+00:00,TYPE-I
crate,master,2aa7e269ec7bc92d6f4dfa68392f6293905861d7,5.9,c5d6acdc4c9c82c6eff6ba21465a5f153bec378b,2025-04-02 17:24:46+00:00,TYPE-I
crate,master,6e913b36c2674daca8e03555fd4da911ad2cb934,5.9,86a6e5a8ad5a78b9e4c8368f453c05ead3e8e49d,2025-04-02 16:16:50+00:00,TYPE-I
crate,master,bba92b7cff3535e822fd979d4403c415a12ca9a1,5.9,0c10301566117015508753106b0fec7a88d8fa20,2025-04-01 15:19:12+00:00,TYPE-II
crate,master,ea6fa68af2ba5631f29c2605dbc1c7b106951aeb,5.10,b6a6b281a07443c08ef0eaf4b32f7bd76353a20c,2025-03-24 13:42:15+00:00,TYPE-II
crate,master,aeddddeba6a7f487891cc8b131fc87bfdf157623,5.10,1f3ed5c7b64bc1850a6c4bc2c21c09e26cb469af,2025-03-19 15:53:00+00:00,TYPE-II
crate,master,4cc5538f2c6e31e1b95083922f87451fb8617dba,5.10,1f1f54de07bc2edff3b22619e4235739f3811d7d,2025-03-17 13:01:50+00:00,TYPE-I
crate,master,06a389b5be468297e10fddaa40e041c0fc15d51c,5.10,d30e42c6a81c43d32f76622226c13cb96c3ab67d,2025-03-17 09:47:39+00:00,TYPE-I
crate,master,e046b311fc71b35e8a1c52f53eabd35af3d09e24,5.9,c9177d67b9b875475a7e1e6af204ab21385d4c6c,2025-03-17 09:25:46+00:00,TYPE-V
crate,master,8a576607bed8c1f6bb093fb60f82e710c32090c6,5.10,ff85ddf12940122a217b6ae48b8e62523fac5d81,2025-03-10 13:25:10+00:00,TYPE-I
crate,master,bdca50204c894462732f364d0a180151ece2bc9a,5.10,79334e3bfd1c049434c3b27d612c5505b8f2c33f,2025-03-10 12:09:34+00:00,TYPE-I
crate,master,79c45993c391dfe36590a431804a49cbc1d32d9e,5.10,ec82e73b8cc0d79a24aebca894483a2619a96bf6,2025-03-06 14:40:57+00:00,TYPE-II
crate,master,9c51aec386c3f2ca36eae4e7826f07d98075e8f3,5.9,177b79483eeddc901ec34c598ff75db16fb208db,2025-02-25 07:56:57+00:00,TYPE-II
crate,master,b0d0494589f281cc6794c318dacb4d02cbbfc465,5.10,de5f0a0d967e0a5d1695906ccc953b383caf90b5,2025-02-24 13:13:17+00:00,TYPE-I
crate,master,b233310e3a55faa0f30c4065770e7187a49a10a5,5.10,638d270e70a9fd26121d0bf3d19dc6b52c63b92a,2025-02-24 10:10:44+00:00,TYPE-I
crate,master,6e18150a3937176f863d24c4449a8f7c95e84331,5.10,5fccaabf41c037565ce98f174213766bb316d5e7,2025-02-21 08:13:34+00:00,TYPE-V
crate,master,9cdd94e1c1bd2b594bb9546aa86188c61cdd695a,5.10,8de35b2287cf3e7fe63a33c26f06168f4353ebfe,2025-02-20 14:37:16+00:00,TYPE-I
crate,master,7ec67008007e53ef9e05e7b0375fbb236585d35a,5.10,b116a7ac985f00846219473ac5c26166445a83be,2025-02-20 10:34:12+00:00,TYPE-I
crate,master,bae2b2deb6226957867e68f61ffe89f2af69c73e,5.10,e536d73fcdcec2ded9c8b552d733c292e296978c,2025-02-19 16:19:05+00:00,TYPE-I
crate,master,d85eba28a369253079aca3676f102996e75fbc96,5.10,b34878c67426ff36510d90593b589afd5b4facc4,2025-02-12 11:59:14+00:00,TYPE-I
crate,master,343ef2518266d8aa07e2f93033d8041fe902d234,5.9,3c7e6fce69a025d9623221727e21ec25daa39c08,2025-02-11 12:33:42+00:00,TYPE-I
crate,master,f0f7f5051a75eb1362ae76f83a5e63db3d94b7e3,5.9,d067e1380f46d72091f53e95aba49600bf737b1e,2025-02-11 10:44:55+00:00,TYPE-I
crate,master,146e80ab062cc5fe77f246dface16db51fc7f2ee,5.10,314551c749e4fa5a2d9edcaa3ac28eee51ed1c90,2025-02-10 10:14:01+00:00,TYPE-I
crate,master,5e1bc6c9d8ed874baa4fc99500561c4e94c37d9d,5.9,999e769158bb2eec3bf25583583d95463c5dc3db,2025-02-07 12:41:50+00:00,TYPE-I
crate,master,1773a41e1d9171fe62e1a5e0aed7cbb3754eea99,5.10,980d38ada0286f56ad3dd9594c1019081ee14c5d,2025-01-29 11:36:45+00:00,TYPE-V
crate,master,cde0e5ea5bd75874bd800b48d105df5e0e61bfbf,5.10,536576454d4420db4284ccc76c89b7c8aa5bddf9,2025-01-27 16:54:21+00:00,TYPE-II
crate,master,1b1379434e80e26e88c30008c65d4007c5c692e3,5.9,f58c27e8325ad895207c66407d5c0bef76a7b681,2025-01-20 14:48:56+00:00,TYPE-II
crate,master,86114f2ec05fea5c5ab56a9cfbe07c6cab131fb4,5.9,bdeaef7f4e12e362f1da67fd7c13fc68e999bff6,2025-01-14 12:24:20+00:00,TYPE-II
crate,master,aa0d7513fde480ee27ca28faa110c9165cc19666,5.9,c4bdd6964d6edc8241bae522e79082f885566409,2025-01-13 10:10:23+00:00,TYPE-II
crate,master,308d7c9b1f6f7885c38b762db2b79c7c766ca705,5.9,0648f7af17268b9826512a6149405926ceab16bd,2025-01-08 16:43:35+00:00,TYPE-II
crate,master,4f7fabaf4a8ada2e0ff65dfe1422a3fc43f0a3f9,5.9,fd30324948b39ec178c6a9a7b15e0ddabd13c893,2024-12-31 09:04:34+00:00,TYPE-II
crate,master,52821a160a1a720097671cc0233b729f8d0c3355,5.9,5226b6913ce7de2ea303454100eb253291bf3c8f,2024-12-06 14:23:33+00:00,TYPE-II
crate,master,92127e65a62fcbf2aad67520712f477fa46e63a0,5.9,cd575486fee6c4dca92745c7afcb5faffa7767b8,2024-11-21 15:36:48+00:00,TYPE-II
crate,master,c4e5cb305ee2a07c1b0c5c06d876111194ba5c18,5.9,5f5c3ba8dfe2040d002d29ee764dd58bc2061686,2024-11-20 22:14:27+00:00,TYPE-V
crate,master,3481af304449c3b306d769af3f7f2e40f58d3170,5.9,35345ac31e769e84d64bb2b8dd0559cab006542b,2024-11-14 10:49:59+00:00,TYPE-II
crate,master,35979d3c4226ce9e13f6d6d5bdf154bdb356ff31,5.9,064c90f128f7455932a50006eaa4af4c4528c5d4,2024-11-13 16:53:24+00:00,TYPE-II
crate,master,0e8b8fc34bc388e70b9f48e14cd256c54a15d37c,5.9,cf9a4b14d7cbc6cd14d4423b41cffaf33be549e2,2024-11-12 19:01:27+00:00,TYPE-II
crate,master,d150a2e57f8a6da80bacf146f934d8e0cd87466b,5.9,007682aa53eebc124e6406977dd03a50d3433630,2024-11-01 15:06:55+00:00,TYPE-III
crate,master,dea6e9b5ff707dd58ab9cebf9219d4565dd42e50,5.9,06a83ce3f994fb75808df6a198200d7d1e08ab3a,2024-10-29 10:58:47+00:00,TYPE-II
crate,master,adf9854bdb9cbf08dde206c0a1e005a5ea3379c9,5.8,b92b08dc1f9d9ffd4c84a68d21ccb08dfe85a1c8,2024-10-07 14:34:00+00:00,TYPE-III
crate,master,106436589bb5bde52346e54d66f681117fbc5a8d,5.8,884f41f152d1b2892076f8e1adc4e15705c3d063,2024-09-27 10:02:05+00:00,TYPE-III
crate,master,e6e749ebf12d618322696d0b45f86211efbfed17,5.8,8705dc06bad61b8f65d9b20d3b35832ef103379a,2024-09-25 09:32:10+00:00,TYPE-V
crate,master,23be7d11e41ddd233d397bd3a30dee7de0aba5dd,5.8,96fc693d270505824ec2f455dff182abcb8c0a1b,2024-09-19 15:45:27+00:00,TYPE-II
crate,master,2d1d5792c54e7422dbb64fac5894ebcdcd1c92a0,5.8,6c4fd5e558079c125e6719e40633ba64e1fda2bf,2024-09-12 19:36:20+00:00,TYPE-V
crate,master,dcbd23f6208c99f85aa82d287d75a8eb5955000f,5.8,20840290fefcb20a549fe8240dfe3ffc1b4c7b82,2024-09-05 11:29:51+00:00,TYPE-V
crate,master,a97d13e1e2771a86646938fc969ddf7bbdd124bd,5.8,68019c3f5a14ab4cec07d35a983cea6fea8a3606,2024-09-03 14:06:58+00:00,TYPE-II
crate,master,8c5d5fa9168e253a340abd6fba604c27603e9275,5.8,a16dcd521ff8c7323830590a23db43c6466ddbfb,2024-08-29 13:21:34+00:00,TYPE-II
crate,master,866a1a09b1accb2fb89fdb0e94b2f7f37d59b359,5.8,867f46001c2add2045c120d1765e62cbde5778e6,2024-08-27 11:04:57+00:00,TYPE-II
crate,master,06841f04e0bd92beb081c2d101a8ce96d0ca903e,5.8,c48c2b7e1cf3a33aa022a55572bd3a64b67c533c,2024-08-26 11:48:28+00:00,TYPE-II
crate,master,2656a8c68d6326761017558f9aaa3f5ae1827d74,5.8,e029dbb145e74736347807b41680923265cf0ffb,2024-08-19 15:23:11+00:00,TYPE-II
crate,master,4001c922fd8bb0dd54d2ea148333be6ec257ce84,5.8,1361a701f87d1e17003fa5ba89b128806e2601ae,2024-08-13 21:51:51+00:00,TYPE-II
crate,master,3dea6f6fb4a1fabd94a442fade1747ea3d4a1915,5.8,6c771f9afe2f1b60bbd8dd7385f40ac8bdff7de7,2024-08-07 17:25:41+00:00,TYPE-V
crate,master,84d1851e28e3981da050fb78d96abdc5a49235f9,5.8,99f8462af0432b39ccab8c342d471e815be10ccd,2024-07-25 11:13:37+00:00,TYPE-II
crate,master,a88951a72dcd148777a9346a0cc899d220c7814f,5.8,6afc4afafd57f5da699a0ca99e838571b9c74b84,2024-07-24 15:51:20+00:00,TYPE-II
crate,master,27413adb352fbfcb967c8c6900e8123446232307,5.7,99b96fe14fce4d5a7c317a92f54e8b424fcdb04d,2024-07-24 10:33:15+00:00,TYPE-V
crate,master,debd59396b0678fdcdbfecc3a63166a049f22863,5.7,a86ef36c5cb449b9d4cb58daf41472067ad816e6,2024-07-10 10:54:25+00:00,TYPE-II
crate,master,a9b402ecedd96c3db5a4945937b7d90ae03457a3,5.7,f87b356d106bbe897b577dfabc996bf8821d7c46,2024-07-01 11:14:25+00:00,TYPE-III
crate,master,d4357207c043d54e9caa7ee075ef00cbe8dae0c0,5.7,fd4bf11db217fe49cd4bda5b51310d736fccbcd0,2024-06-25 12:19:43+00:00,TYPE-V
crate,master,c1dc582bfbdd50117e70612c744173e8b4475028,5.7,92b11f5235bdfb62d6092a3e73210621ac42bd26,2024-06-14 12:36:51+00:00,TYPE-II
crate,master,3b37290a2c63624c6b87247031811dcd37828866,5.7,db3e8a70896ad69ae637c137e2e2f5986da085a4,2024-06-11 15:44:42+00:00,TYPE-IV
crate,master,2c86cc10d4fc00a287e2b96f6d97984e387f6574,5.7,d8ab5b712f2c17716f4bfd242711f27e322ee5c5,2024-06-04 12:35:07+00:00,TYPE-V
crate,master,4fd6e4196b8d56aa0ec97003f3675be3422fb393,5.7,22e065f5c0699c594a011658b6a95c416707838b,2024-05-14 20:17:04+00:00,TYPE-II
crate,master,c77d091150e74221bf13b8df3d8735649e544fdc,5.6,f1cc59544a06bc77f7e03cc7798454c6c92ef3a5,2024-05-02 11:26:26+00:00,TYPE-II
crate,master,e465023281585265d178276c9d4c3ccee298fe7b,5.6,a3eb0c6da76283c2615cdcf42c36b96cc186b91b,2024-04-30 14:33:05+00:00,TYPE-II
crate,master,0eb245b8c752ffaaa5a11ae1d02bfdd96298670f,5.6,55aaacf8795c18ec41f12e7428155fbd10a179d8,2024-03-27 15:26:59+00:00,TYPE-II
crate,master,a143937ad274018991f53e8839a56249f7fdb9d4,5.6,7fa3c3f627025a1133b379c101e5283c1db9c7c7,2024-03-21 11:30:10+00:00,TYPE-V
crate,master,76cab1d4a51cda3329cf429e1ac6086dcbeb595e,5.6,c7062afddc1c48ae6da9a67704986ff621d4208e,2024-02-22 12:51:58+00:00,TYPE-V
crate,master,73778220a2031cdbc0f19fee7bbf4dc32b1fe991,5.6,963aaf1bd8c93e142a99ff6c8355f063316fc17d,2024-02-19 17:40:21+00:00,TYPE-II
crate,master,93ee46e52dfbc5e6010e6e97c58d8ad68b40f6f5,5.6,a6d3134151c3ba99c7d335b031f4a957c7b06fbb,2024-01-26 08:43:30+00:00,TYPE-II
crate,master,1c52ae11779a1eec20070ad25df8c89056cdb41d,5.5,c4984a5ccac6a5b8aee988210326a59a55aab776,2024-01-17 10:41:16+00:00,TYPE-V
crate,master,28f8a4b4765ab933f6f4efebaf5bbadb61ff7b9b,5.5,f768cc51f7843584e0b8569a5b0cea997d51ef6e,2024-01-10 09:21:11+00:00,TYPE-V
druid,master,5b09329479117a54f68d5ce9e4c8b245d76a8f79,31.0.0,3ba7badda390977805600942d71016b5af12751b,2024-10-18 04:47:07+00:00,TYPE-I
druid,master,074944e02c7fb29b9f4160626ff8dc6fd225b0a9,31.0.0,06c1a6a31eaa2339a8507658ea1baf378da48e4a,2024-10-10 11:15:34+00:00,TYPE-V
druid,master,3d45f9829c7b80e3b5289aaf5710b3932639349e,31.0.0,4a8008aebb7b3f324325feabd1b5a11a07e76022,2024-10-02 02:14:33+00:00,TYPE-I
druid,master,c7c3307e6193db8ddc879f48bbf3b9e3d1b41a6c,31.0.0,11727af2a6c464b57047b1a97ff5053daa6fb0dd,2024-09-19 03:32:12+00:00,TYPE-I
druid,master,f8015eb02a95925036b4ce5ad0c1384ff634b30a,30.0.0,d6858771d1acb63c5fb39a3a6bcd62b03461dc15,2024-05-03 15:58:47+00:00,TYPE-I
druid,master,a151bcfd12e86b3ace7a9776cb7bc1e87ea2a017,29.0.1,e1dc60f21d7d9ec502c1f256ac27b5e6abd92792,2024-03-19 12:16:42+00:00,TYPE-II
druid,master,ae6afc0751b8912b7beb374ffca589e288b3ed9f,29.0.0,f283849821d0ffde5dfe6a64a7400f0191ef5989,2024-02-08 16:17:41+00:00,TYPE-I
elasticsearch,main,da51c8ccbf0171abefb2978810efd6db0f6f743e,8.19,b25542fd147164cd0e89a803bbe49f865972abdb,2025-07-30 19:06:41+00:00,TYPE-I
elasticsearch,main,c94c021d0e2695f571a1fc841c46ee43f2d5a3ae,8.19,e867dcdb61cafeaa590dccfec0bc595ad3aac495,2025-06-26 13:36:32+00:00,TYPE-V
elasticsearch,8.19,595251d5a10d6c4dc14ddfa7d4d7b6e2d5fab3ab,8.18,cd93409c3450fa843ed48cfc6c2042835b9e39b7,2025-06-10 16:06:11+00:00,TYPE-II
elasticsearch,main,734dd070e719f0bac49953fbfb983fe8f19bd1de,8.19,c5a3eb86ffd964343865e2f48423f850f8f916ad,2025-06-05 07:51:10+00:00,TYPE-V
elasticsearch,main,deeeadc01f86d08f887cbfcb0dc40caf3b7374f4,8.19,655e3ce1310196a95b154773106699d36d9fc8cb,2025-05-01 21:33:21+00:00,TYPE-V
elasticsearch,main,21845ad7a18821ccd80927211285308bb3eb8038,8.19,56e19e28bd098337f57e5b49f45ae14137fd3e72,2025-05-01 21:28:14+00:00,TYPE-V
elasticsearch,main,88cf2487e7deb38686870e40bf08b2b729b7d848,8.x,223d50f0524d3d3e9a19f18a3b146212ff830042,2025-02-27 16:23:40+00:00,TYPE-III
elasticsearch,main,af6014ecb534a38e42b33c0783731ab0c0264e9b,8.x,d2778383792d414973065084d5cbcf4da32a2399,2025-02-25 21:34:20+00:00,TYPE-I
elasticsearch,main,4f6a0e6840042133f937b0ddfd160e97ac2b68a1,8.x,f2d8f7d6d293bfdfdaeeedff3f82fbdfbaca67ff,2025-02-25 14:01:19+00:00,TYPE-I
elasticsearch,main,763e7cd44a8b74ecc51489b577e0da7c302f458e,8.x,04ba85c4d223d458514c6e7558a7d3b541681810,2025-02-24 20:35:02+00:00,TYPE-I
elasticsearch,main,4d2b8dc4f2e908821dfb34d4ffc14244fce83c41,8.x,8421006641a2d8e617636d0a10bbe63e60648420,2025-02-24 17:59:57+00:00,TYPE-I
elasticsearch,8.x,41f09bf1fcba928dd5e94f1a0bab9c747d71b312,8.16,cc3c3870ecd91511f600a96612c30a3abbbb0129,2025-02-24 16:33:42+00:00,TYPE-II
elasticsearch,main,187b192dfe7c6dc60bfa59fcd90c0ce1e6e3a857,8.x,41f09bf1fcba928dd5e94f1a0bab9c747d71b312,2025-02-24 15:28:42+00:00,TYPE-V
elasticsearch,main,f5e2a92a3171808bd163570c3e1546230ec7c5ac,8.x,2aa011d594ee87cefbae255310afe75afc6a00e1,2025-02-24 09:33:50+00:00,TYPE-V
elasticsearch,main,7cbd305a1605bd0fc3c181fb1790952f23fceaef,8.x,da7df4cf074fa2d2874342eab4a2535ef6caae43,2025-02-22 03:02:38+00:00,TYPE-I
elasticsearch,main,2cc86b3df7ae7ad839569170b97497fa4da6e5bc,8.x,a803462ab51824828973ce0a72efb4c37a83a064,2025-02-21 22:44:26+00:00,TYPE-V
elasticsearch,main,a8958755a7e76a25bd9fef74f385083edf7dd705,8.x,3b1c857199ad1b3aa1c0af674dc146f8fc328fc1,2025-02-21 16:59:02+00:00,TYPE-I
elasticsearch,main,41dae025e7d68ecfbf91c3547219ec7d663ab364,9.0,730b538d967f1b51fa22be03bbbaffe28c377446,2025-02-20 22:51:42+00:00,TYPE-I
elasticsearch,main,463dc4a8a5a99504f64d96ed53245f6e208fd227,8.x,4b4be70b9197aad510413f22cd6ea9be20b0a59e,2025-02-19 23:33:12+00:00,TYPE-I
elasticsearch,main,846bf75f8b6484519e5aa6a791aa4f4600a6f447,8.x,bc2bd59f40e54067d02f0f0d299cdcdd1de0f192,2025-02-17 15:02:59+00:00,TYPE-I
elasticsearch,main,fda7fc71e68259f313d6fcfd6b43ca9fec97b983,8.x,ff0932f74fe09a872c88b1c4d3a089e031c438f9,2025-02-14 21:13:56+00:00,TYPE-V
elasticsearch,main,d59a0d9d44fb0cf553cb33a7a5e0da1f0b541c6b,8.x,55ac92975e6ec0d714cfaa80d2d4a883bed9b78e,2025-02-14 18:49:24+00:00,TYPE-II
elasticsearch,main,aba25c628a52161a1d2c73c1868a437ad5dac6a2,8.x,c0ce37d129b605da91462bf89231a0109aa417d8,2025-02-14 02:41:21+00:00,TYPE-II
elasticsearch,main,5e953dc7c3881690c61ef39bbef0ae88af35647b,8.x,f146691fc3d4db06881c328ee0b6469c0c1b74eb,2025-01-28 13:49:32+00:00,TYPE-I
elasticsearch,main,0fabaf7716a700c671355e4069366257524f0f26,8.x,9eccda25ad9ffbcd8ca8d262519b80bdbb675b18,2025-01-28 08:11:08+00:00,TYPE-I
elasticsearch,main,01edab58ff2941aa6b80f42a028d27b878313eee,8.x,7637975f6d9adcf512e7c457c6aff3a008af7c57,2025-01-27 21:23:53+00:00,TYPE-I
elasticsearch,main,1f2824c5fccedc71cec1162e95f50eb308119dee,8.x,30dd0b2e212c0ec5b39ffecfa72982eecc342a7f,2025-01-27 18:58:30+00:00,TYPE-II
elasticsearch,main,242b841402813e0905797c97965f2c21760861d0,8.x,90569c6b10cac00a38ad0bc2d3858a9d7af7863d,2025-01-27 12:07:56+00:00,TYPE-II
elasticsearch,main,c9cce2cfaa3cd2e1fc01f895881605a20bde4367,8.x,f766086215af08175f8ca4bdfecce8d09b0e87d8,2025-01-25 13:02:50+00:00,TYPE-I
elasticsearch,main,4783d1f991633dbc3b7397fe13c63b6b7d70dc37,8.x,a9cb5cd575bf8c30000b5af404a7087294f1a858,2025-01-24 19:05:00+00:00,TYPE-I
elasticsearch,main,969cd70aa00f0c104b5b94dabee05ac84be0e0d9,8.x,8d96ccd37609a4d81e1048489fa63ce99124fe96,2025-01-24 18:52:33+00:00,TYPE-I
elasticsearch,main,45ae0718cc6f52c78c9dc96380d623be9917ba07,8.x,d49517b6741b61096df31ba3fa4e2fe38b593bc6,2025-01-23 16:07:39+00:00,TYPE-V
elasticsearch,main,6f5f4ae5fac004f4d3aab9f28aca63552b19cb18,8.x,ba578203560e42ead61a6deba84bb9ca78268d60,2025-01-21 11:39:00+00:00,TYPE-V
elasticsearch,main,110b2060a15dce0236c47345de094c4dae05e991,8.x,88f07a84fc4b8519fcf8a1ed8da4dca30fc51c46,2025-01-21 08:58:31+00:00,TYPE-III
elasticsearch,main,43e3e24d075332ed8c697113236ee4126fd56603,8.x,ddd0ffa8a14d27839a2497d6595c46c84cf70099,2025-01-18 07:40:44+00:00,TYPE-I
elasticsearch,main,45e80f55be1b5db352cccdd047a44ae106462942,8.x,dd5f141df01149645cf939e5a0bffc03a1c09afd,2025-01-17 20:04:17+00:00,TYPE-I
elasticsearch,main,f99f52e60deaec8f4211ff36e8bee7c9ca8ac160,8.x,9e8bc7ee931f15bba6afb7864469add893b856e4,2025-01-17 14:59:31+00:00,TYPE-I
elasticsearch,main,7ac250077300e4b206e740da166fd3eec9dac389,8.x,dc3aaf1dc10d0c22ae867f118a51209555908055,2025-01-16 17:09:25+00:00,TYPE-II
elasticsearch,main,1f182e7a2a86ed74bc3f48360cc7bc0acb07cffe,8.x,7325c6c1dae40e20f63bf2f7a05bfed3e241435c,2025-01-15 17:37:38+00:00,TYPE-V
elasticsearch,main,3e12016a9795f1307e848d4d295bd64725d35376,8.x,b74832610d396d75059148a70f26d0a1188b1418,2025-01-13 17:54:08+00:00,TYPE-I
elasticsearch,main,d6133235a339eb99a146a6ff3ad6958fe0d63cf6,8.x,1f572ad4d393cb5dae04467c33f293553ae1dacd,2025-01-13 16:21:55+00:00,TYPE-II
elasticsearch,main,16d8aaf3865588a323b04d281985bd8daf569daf,8.x,1c5c3b0a19bf370e06a2d2a13c92fa76203fbaaa,2025-01-10 08:47:19+00:00,TYPE-I
elasticsearch,main,393ea618d7c01c7c5ef2bb23f4a41185833be5d3,8.x,b78cfd8ef7ccc8d79bbdb456b22f867b3e116d4b,2025-01-08 10:07:42+00:00,TYPE-I
elasticsearch,main,3310ca9314ff40cabd523150cb000ebc643ee883,8.x,3f87b3cd9842f3ffab51b5c886e8dcefbc656248,2025-01-07 16:02:36+00:00,TYPE-I
elasticsearch,main,45383c871c8b83b332c1df873d2f7c7da546655c,8.x,7f18135a9870314ccfdf885c7d280c45e275f642,2025-01-07 15:34:50+00:00,TYPE-I
elasticsearch,main,355aed7fc80c1e9a2ce58ffd45615ed110312f0f,8.x,a04d2466697536ff423c8aa7c9b81d26dda6aa07,2025-01-07 12:28:56+00:00,TYPE-I
elasticsearch,main,ce2c5d97db593683f8ddceccd180332e63deffed,8.x,320fc753903506f7cf8c31bf898c17b711b06e53,2025-01-03 22:52:44+00:00,TYPE-I
elasticsearch,main,4eefc6d73bb22e94571e42fe948da7ace4e19837,8.x,d4fa752273e4f642628b94674aba5bf0158b0c66,2025-01-03 19:14:56+00:00,TYPE-I
elasticsearch,main,7c46556e2137a92e7d92ddf40af0ae5388c1e888,8.x,b5f8da18337a5f3e795d9f6594c22aa6309da0f2,2024-12-30 18:48:32+00:00,TYPE-I
elasticsearch,main,eed650ec63b27609c3512be487f9d2f50a988739,8.x,0e0b4fbec2ebfd153fa18c9e665e4e51713a41b7,2024-12-26 13:11:51+00:00,TYPE-I
elasticsearch,main,c16bcb64a16521011677f95286202b86d9f4711b,8.x,027f96a427b87c597d1508e290f084b93b67b745,2024-12-23 21:57:43+00:00,TYPE-I
elasticsearch,main,79a822625adbb480d30709cdd210067fcbc1174d,8.x,1a697b551d26d2449dc749763db422b97803ee28,2024-12-23 17:57:53+00:00,TYPE-V
elasticsearch,main,517abe4ffdceb3c7ca771207fe20b0c813181810,8.x,e777dbaa7c08c6b18ae97aade9fcaf42ec0d675c,2024-12-23 08:13:20+00:00,TYPE-I
elasticsearch,main,9676faf51b43200f573bde0eeb8c2c02de5d0095,8.x,7b2d90b11e479bae7d7ad4a696daeaae8012ca5b,2024-12-19 22:28:35+00:00,TYPE-I
elasticsearch,main,77eb19172418d3b336180ae594266fb25c724b49,8.x,fb45fd724afa1bb9e102bd64478cf7249382c49d,2024-12-19 19:45:12+00:00,TYPE-II
elasticsearch,main,4007ff3b44269d2f48e5aa938cf621fbd0123df9,8.x,4fb5514d87de3487d8e83abd9a238dbb29d47b98,2024-12-19 18:13:49+00:00,TYPE-II
elasticsearch,main,ee163eb6be25b7d0abf4bbfb54d006d0ddcf1e9f,8.x,da55d6c2709ecb448d1bf9b53f53bdbd2f2a40fc,2024-12-19 17:54:49+00:00,TYPE-I
elasticsearch,main,5645240976cd88ff9f1a30240c0923e9788f3f4c,8.x,075a40aecbd42a4915cc17ccd9871e4f62f5920b,2024-10-21 10:53:53+00:00,TYPE-I
elasticsearch,main,5e381a3a89fb734ade6a1a299881ef1be4df7019,8.x,b80f6770f58b12d4d9f713664cf2c2ed76706af6,2024-10-21 08:44:14+00:00,TYPE-II
elasticsearch,main,ac25dbe70692df19bd424e7ef1e4bc2c16c41329,8.x,b74418188547df160fe58346a0d33ca56c10ae29,2024-10-19 01:30:16+00:00,TYPE-I
elasticsearch,main,a5118c2d9fa5e2442c408089387e75337b2a5d4a,8.x,e7ac7c3c960e38fb06aabdc09efc3e635424732b,2024-10-18 18:58:04+00:00,TYPE-I
elasticsearch,main,12062cb76629dcc506168a519e50eda7eed09a9e,8.x,bb2486bfcd230681ed764333607df12001b58346,2024-10-17 13:10:05+00:00,TYPE-I
elasticsearch,main,64ae0aea45036be62aec076717816a27aa006437,8.x,c77b415a0fab6bd934aba8eb1c07882dbc961301,2024-10-16 22:13:30+00:00,TYPE-I
elasticsearch,main,33ea3116c9295012ceddbdddb5310918973a4753,8.x,59ed4058ecb837e9ae2baf144ab8e2313127360b,2024-10-16 19:53:48+00:00,TYPE-I
elasticsearch,main,8b8796908ac0c7a73566adb4647476b66656119c,8.x,4be91221508c078764536ab9ab1f3dc633a233c1,2024-10-16 19:01:35+00:00,TYPE-I
elasticsearch,main,38d9710e61744f94a78b053d6aaa006d6b60cbf1,8.x,07f5b56e2bb76a09ae3913bf69f3b3a0e4e6db37,2024-10-15 18:16:52+00:00,TYPE-II
elasticsearch,main,5efba5b43d79c15d8d7304d32e4f95a741134ffb,8.x,ffcf87ce1dbd769b5d12df18b48653a9ede8b5c3,2024-10-15 00:14:49+00:00,TYPE-V
elasticsearch,main,465c65c02fdca9f3c3faa01a8cb15f9f58dde58e,8.x,a5e0226836e3c53b93c282d2c7d2f330476c564b,2024-10-14 20:10:06+00:00,TYPE-II
elasticsearch,main,7c2e0752df1833808ed496a865f3f13b75ef150d,8.x,3038a43e40f4e96f5533570a4e6f8d368fe252f5,2024-10-14 19:03:34+00:00,TYPE-I
elasticsearch,main,150058ef27df3da931b31e636bd8b335eacb1e66,8.x,1ffe41b4a7d5feef4c8a4141c753ed54271e3a56,2024-10-14 17:59:57+00:00,TYPE-I
elasticsearch,main,e1451997b1bbbf3f22b4b552352e65dc62e6a947,8.x,fc63a614ee3059cc361458efb02aed6eb68d6629,2024-10-14 16:03:13+00:00,TYPE-I
elasticsearch,main,64f661702a8c6e8656b8585dd0d67bc77fc71496,8.x,bdbd15eb68a4f53b38e70e2f2a34f882ee94e5fb,2024-10-14 08:39:54+00:00,TYPE-I
elasticsearch,main,f3cd890f3ea08e40d4cb49482bdea0f6e4afb13a,8.x,5def1072a798f7ff59efe50aa512e62df1ff8e48,2024-10-11 19:25:56+00:00,TYPE-V
elasticsearch,main,8e3b3aa1a5c8cf8935b997dff54cc72a2eb591ee,8.x,1aed889d3a670f5fc2b6fd7c4139227ce131eb58,2024-10-11 19:25:12+00:00,TYPE-II
elasticsearch,main,7942f3eab080b053f97abbf6abef3619d515f32f,8.x,1ad4ae155f6dbe473c7829864ca77974859be6bd,2024-10-11 14:26:15+00:00,TYPE-I
elasticsearch,main,46e26c7237ba2ffa659c55aa801353d51aacbe9c,8.x,0f0efb79e327b3ce626ee8cd88e8bf3a4730154e,2024-10-11 11:11:10+00:00,TYPE-I
elasticsearch,main,a91a9a59685057eeb2f2ad5f264cc23525255e09,8.x,2b01c3b95f3df9d416c415d3313ca516bf85adb9,2024-10-11 09:17:17+00:00,TYPE-I
elasticsearch,main,c27bc086770b12a71c335e5537318f54cce53a65,8.x,fc701776e2a54f95f7e50a91ccfb604c34320387,2024-10-10 11:36:07+00:00,TYPE-II
elasticsearch,main,d1644b37ca64f3a646032895895d5900eee805af,8.x,74f523d4ccb6d26dc65c99138ccad1d43d6cdaaf,2024-10-08 06:48:53+00:00,TYPE-V
elasticsearch,main,44f379189925e9738873196f7c86788085ab0f98,8.x,309d234bf08d9361c987411146acc0003cb511fc,2024-10-08 06:33:30+00:00,TYPE-I
elasticsearch,main,9368bbeb193b1d2e7f33af90909311c86fc9a948,8.x,dab72ff1d862d23dcf7e630347d5c200a42ab6cf,2024-10-07 16:29:07+00:00,TYPE-I
elasticsearch,main,5531e5dcd2a3632685b4d27253c431fa11294cf8,8.x,cfbe148d907dbafca10449cd08882751154cbafb,2024-10-04 05:00:10+00:00,TYPE-II
elasticsearch,main,7facc94be6871804322a00a8e5b232cac958d788,8.x,4da7a0f3382770d860524ef0be52f0e4fb2e1559,2024-10-03 22:30:38+00:00,TYPE-II
elasticsearch,main,69fffdfecb882f9b75fe107b98c3e0fce803740b,8.x,03804af0cc57266c8c16c0e7186e76c77b831c27,2024-10-01 13:42:15+00:00,TYPE-II
elasticsearch,main,884196ced3599cd96baf6c6cafb05e3a28a6d198,8.x,cc3caa228def0974e5d8299e5321b0a6987f9e6e,2024-09-25 12:35:09+00:00,TYPE-V
elasticsearch,main,e93c0d2503596ef4837d64e01d1c9c2b2b639dfb,8.15,52a87ee9fe681f31b8721b67bfa4f20aa07294a7,2024-09-16 17:33:33+00:00,TYPE-II
elasticsearch,main,9b276e3c4acb7105a4c5669bc03809caf2152628,8.x,53ff0ac6d556c759d392f42490b55f32d95670f3,2024-09-13 09:05:19+00:00,TYPE-II
elasticsearch,main,aa959e69cc507a16f7f725240db2e7453c0a8320,8.15,dd4f4d56649c72622933fafd6f8dedf33a269918,2024-09-13 08:47:31+00:00,TYPE-V
elasticsearch,main,281ee04f7aa227df3d734b3593232dca23b30d0a,8.15,25dbb58f01876c64a07ea5c085e73ca275c66a98,2024-09-11 18:31:58+00:00,TYPE-II
elasticsearch,main,48f87c57d9981af15f559c702459022deb2f2b11,8.15,a2338d7133ba9e364a3d663d505ecdb95a253895,2024-09-11 15:35:53+00:00,TYPE-II
elasticsearch,main,a587c7d26cb127a2dbe76d4d5769245d217d5cf7,8.15,d68a09462391f40f86a54694949eb2113a1c62a1,2024-09-09 13:16:31+00:00,TYPE-II
elasticsearch,main,d76e1af0a5bb00ac69abc8e608ba8c3f6b75e54f,8.15,63a3bd9396d1ff41dbcf06ed624450094c5ee3cf,2024-08-21 17:26:17+00:00,TYPE-II
elasticsearch,main,19dc8841d4053fd449a47c4e9bd26d35767d649e,8.15,26bab001dc36956c870b5a25884a2cef0e5440be,2024-08-20 14:47:32+00:00,TYPE-II
graylog,master,9a99fa5c88c6674027f25b4715dcc77420331a14,7.0,70e3b2210c304a0b3c8562df8683197f8562f8c9,2025-11-26 08:51:16+00:00,TYPE-I
graylog,master,d6b96d6f9b7030fa3461e3d8e370220205a44306,6.2,9421b6cc1e5e92d05bbbe67f1dc89dfb7319d95c,2025-11-04 16:15:18+00:00,TYPE-I
graylog,master,12169e594da08dde083bdacc28c35e3b7a520535,6.3,3b5050775d4457379150957ab11f4416aa668a4d,2025-09-30 19:06:18+00:00,TYPE-I
graylog,master,4bd09278693c5b2bf7349f5d3f5ec3836f32ae9f,6.3,5d168a4e9e16572a304e5530dcb9f9dadfc23216,2025-09-30 09:58:26+00:00,TYPE-II
graylog,master,b17cee737de905c07e9aa9403fb98e40ba018cbe,6.1,197b8477a9d8d82817bb5999d86b46c4cf26ee3b,2025-08-06 06:13:46+00:00,TYPE-I
graylog,master,db68dfa92255dc14f03f2e9d21c471daf3162518,6.1,4a6f103c154197d5420c1d1fc14406a1049c0fc7,2025-06-03 14:00:07+00:00,TYPE-I
graylog,master,181399cfbb4cffbd2b6a352aa5c01b013c0577cf,6.1,7e505b48c57e836eebaff759a5769fbe932f0857,2025-05-23 21:01:07+00:00,TYPE-II
graylog,master,a78649d109b7695ac4fb77239cb6dc4401c5044d,6.1,1b2af126ebd1e4ea65826fb25e31a3b3760f1aeb,2025-05-16 14:42:47+00:00,TYPE-II
graylog,master,fe699c8d613f519b382962b3b19c9a70ea793662,6.0,27b696c672edd0952ddb1922521eb7d495b6ed2b,2025-04-07 14:13:13+00:00,TYPE-III
graylog,master,32fbea9125bfe253f7d4bed94aa71eca60a8843c,6.0,97ec98b39d4f4bd57439cd766e01834dbf2537f0,2025-03-05 07:58:53+00:00,TYPE-II
graylog,master,7845ab99117250085170ffede89de0e8ae84de7f,6.1,566d3c019156ffb46ef920d08b32774cdbe1e727,2025-02-26 08:08:26+00:00,TYPE-I
graylog,master,45e5c07e4caf62045f327ff2ee9dfb6b17762b56,6.1,8d972b2311d10d0516df7b3e54cb9b976627767d,2025-02-14 15:31:06+00:00,TYPE-V
graylog,master,b9ebea9aa1b309d82b020eb3c54fa36f042edbf5,6.0,358d917d34da3654f17368efd0053c583cdad911,2025-02-06 15:34:52+00:00,TYPE-I
graylog,master,92dab916a50f809fccb0943e53f0165dd9a121c8,6.0,da799e6aca360d0bf12a3302588649f445e2c920,2024-12-18 17:35:17+00:00,TYPE-I
graylog,master,90a12d6b4170ed10ada22f909af4a6089113dad6,6.0,aafd66b9fa32f97adb95faf084ca5dab8be32309,2024-11-21 08:33:49+00:00,TYPE-II
graylog,master,296cd1a876b532606be160dc3a504b9539301a13,6.0,7cfea09b2c3773bb36dacf597e5a7740dfb8d8d9,2024-10-31 20:31:43+00:00,TYPE-I
graylog,master,427681515d45bbe38a63899f10d7297d0a0094a5,5.2,78296cabd65a4b8903bc316236417783010ebee9,2024-08-29 13:35:17+00:00,TYPE-V
graylog,master,ab31c69147f27363fb68e9d134fcb80bba81502a,6.0,e38b1fa2cbf274f932df96fca98db6682159322c,2024-08-13 10:41:45+00:00,TYPE-I
graylog,master,f4dfb95d4ff4d813548770d1558c00195d7ba6d0,5.2,0244ac02a265793728d25fe715dbedc83713e355,2024-08-06 06:05:52+00:00,TYPE-I
graylog,master,4a1cbb4dcb8563a6686e0709040dea75ed831359,5.1,d6e2f6c6ad542ebeee0d15a732e3d21ca8ec724e,2024-06-05 09:13:27+00:00,TYPE-V
graylog,master,be7df675661b85d1e50c7971cad139f8d21aaffb,5.1,56362c72d24db0532161c3288b2b21e2d2772c01,2024-01-11 13:12:32+00:00,TYPE-I
grpc-java,master,55ae1d0541c3482cf9fa2cadb156b1da6852deb4,v1.76.x,bb07f79d46cea304c3699fa5e6bb48a9dcc00f7e,2025-12-04 18:17:57+00:00,TYPE-IV
grpc-java,master,7cb8b68c3aa8dea787bf0ac71e11aadf0f4eed85,v1.77.x,155308db2db2abcf612cc13c8360d5277753008f,2025-11-14 23:20:34+00:00,TYPE-I
grpc-java,master,1ef5ee25905b540a64424d36ea735ac431e117fa,v1.76.x,bab8c7a71d64495602759664dc4b59e03baee878,2025-11-13 15:38:58+00:00,TYPE-I
grpc-java,master,3fc026c29bd09c6ca87b72fd69eff843b88456a3,v1.77.x,53cd1a225628530defa407590223efdab0fca060,2025-11-13 14:43:35+00:00,TYPE-I
grpc-java,master,8fa2c2c3c1454d411b1b029f8e83debf02c9bf11,v1.77.x,6fc3fd046213dbd145216d8159487bf164e7726d,2025-11-13 14:41:52+00:00,TYPE-I
grpc-java,master,d89628c3c5035d4b8e4221c702492a31fe9303c1,v1.77.x,498f717fcb41085c2ba0228a0e6c2d3d3c727877,2025-11-13 14:41:14+00:00,TYPE-V
grpc-java,master,437e03dc98d98f6a2875daf8ac40b00de9002612,v1.75.x,653d076c605a9066cf6ae484921058580df2437d,2025-08-19 14:15:47+00:00,TYPE-I
grpc-java,master,6462ef9a11980e168c21d90bbc7245c728fd1a7a,v1.75.x,a5c2b1aa51608b1fff016a313d8ee65f92e8d23d,2025-08-19 06:31:54+00:00,TYPE-I
grpc-java,master,2e96fbf1e851242f8028af2cbc16dbc96e1037ff,v1.74.x,15c7573988fab5c9893c1d86f0d23f1cd4b683f8,2025-07-18 16:05:36+00:00,TYPE-I
grpc-java,master,1fc4ab0bb203a7934753d4d29d8d4689a1012390,v1.74.x,1df2a330568b2131fd2fda77cf85c948dba19ae0,2025-07-18 16:05:09+00:00,TYPE-II
grpc-java,master,a8de9f07ab831686da026ec067370a6e0c5489f1,v1.74.x,a5eaa66ccc2add0c9b78096ca3196ec1c7904c1f,2025-07-18 16:05:01+00:00,TYPE-I
grpc-java,master,2b87b01651fa5d99ab1b1d9cbc4f87af5a1f5d6a,v1.71.x,2fd84478a6e45bfb07215dac1f1a49733d24b2e8,2025-05-23 10:54:39+00:00,TYPE-I
grpc-java,master,7a08fdb7f94a43951da6245e100c3535d0ce7879,v1.72.x,8bf12c67de8a0dd22aa5642f33b294934ca23bdd,2025-05-23 09:18:17+00:00,TYPE-I
grpc-java,master,25199e9df9b7f3f0db664883abb103a6abbfe120,v1.72.x,390bc330bc1ce48b801ed9ba005f6cc04f6e5e80,2025-04-24 04:27:15+00:00,TYPE-I
grpc-java,master,54d37839a39defddf59665962e05d863a490cfc9,v1.72.x,a6e1c1f09c6c7ff8e54405d6782bb1ff553ffb29,2025-04-08 10:30:58+00:00,TYPE-I
grpc-java,master,a13fca2bf2cddd58d917865bc0bb24036c5eb873,v1.72.x,868178651f6ae0dcef5bc0048c1e94ed1a8c13cc,2025-04-07 15:06:04+00:00,TYPE-II
grpc-java,master,7162d2d6615eb36814e151bf8e926b68409dbed9,v1.70.x,7dada7d5a9d6efd9eafc25ef992689cbe94a4377,2025-01-13 21:30:21+00:00,TYPE-I
grpc-java,master,e8ff6da2cf57a39a62497e9f317e6976b5bfb98c,v1.68.x,32877ea94f9c9b04b6fecc60c8ea850ce971a1fc,2024-12-17 04:54:00+00:00,TYPE-II
grpc-java,master,448ec4f37e6ade0b9e547fd50bece6a22a317bf3,v1.66.x,19c9b998b1efd8bee3fb40335e1a5f7360859cfb,2024-08-02 19:31:46+00:00,TYPE-I
grpc-java,master,ebffb0a6b2b628f584ce97f943b2739642f58270,v1.66.x,ef09d94fe8d51aca13f3490f599ebbfabf3299ab,2024-08-01 08:08:30+00:00,TYPE-I
grpc-java,master,506192872edf88703325d03ab95e2081b81e4381,v1.63.x,d0e456046245c7f47864b09571decbb870dcbc1c,2024-07-10 22:03:12+00:00,TYPE-I
grpc-java,master,0fea7dd32e259f2d4abc2404115ad386d89e325d,v1.64.x,f261200f7b83a9ec146eb3787971291fa2c01fb6,2024-06-21 23:31:46+00:00,TYPE-I
grpc-java,master,f9b6e5f92d20d7c68e59d392f8b42317502bb296,v1.64.x,3158f91e7538424df0c1c2961fed507e4bf864f6,2024-05-14 13:34:13+00:00,TYPE-I
grpc-java,master,d366d74fa6c163b16f3fcb295fcababa9b18b4c6,v1.64.x,1e731be49a8e9e7438bd7d2341966a67e7fb2eeb,2024-05-09 17:48:59+00:00,TYPE-I
grpc-java,master,6bede04d9f2b28dd381dffaf51b958e773d87c1d,v1.64.x,a639175c0468877d198d7face0a2916b33cf5fa5,2024-05-09 16:01:17+00:00,TYPE-I
grpc-java,master,354b028caec51828ac13e42883d356309070bff1,v1.64.x,b6f7b693e701243de3401250d7ed2e1d51926a1d,2024-05-09 02:28:28+00:00,TYPE-I
grpc-java,master,c368a0f9f8a02d64790d5dae7fda8b2aed54428d,v1.64.x,18cf46e45678b2773f057d867bd586db2488cd39,2024-05-08 23:23:51+00:00,TYPE-I
grpc-java,master,d21fe32bea9dacb33d2c975847361995b4d170bf,v1.62.x,2249103d0e2b7cdfec213688d1846009a0933815,2024-03-29 20:07:20+00:00,TYPE-I
hadoop,trunk,81e4848a7e77b5d827709b449ad187b77e5fb2db,branch-3.4,e6cf6e6d10bb2e8e4963e9e78d9c3ade3f0bf161,2025-05-19 14:26:06+00:00,TYPE-I
hadoop,trunk,2fbbfe3cc93574818690373a26e1c3e0f88c560a,branch-3.3,745afa8ceb5dc88ce97d89d24c2236bd2ecb9e98,2024-06-26 16:52:07+00:00,TYPE-II
hadoop,trunk,ecf665c6facf89d3b87b6e3cc684274b8155ca60,branch-3.3,75ad60ba99bdb4bd044879af20cab4f368866613,2024-04-27 12:32:28+00:00,TYPE-V
hadoop,trunk,a386ac1f5632949bc49a9d09195073ba5f980b5c,branch-3.3,efc53d87252af3b2455d4c38df08d8d850d1879f,2024-04-23 00:14:03+00:00,TYPE-I
hadoop,trunk,7504b8505fa208453e2a1ad55af4b03bafd133c0,branch-3.4,e40f696c448dcf9cf7ab33ab94d06812fb7df09b,2024-02-09 14:29:40+00:00,TYPE-II
hadoop,trunk,f1e4376626efb15d1c3001c0e50ab06536ce7057,branch-3.3,585f9667e4b36c6347ec70d646d9ae4f216cfabb,2024-01-21 03:53:55+00:00,TYPE-I
hbase,master,7ef359b7ffc8ca792c5bcfd70659cd01fd7e57c7,branch-2.6,eda1fc4455726a838902adf2ceca770b1e4516b2,2025-12-29 15:27:52+00:00,TYPE-I
hbase,master,052d36b0b262daba69bdbea4c44ef4e4b951df2b,branch-2,97a6c0ec273231f270cd80a3affd1c9f0d247796,2025-07-18 19:23:40+00:00,TYPE-I
hbase,master,9f841d0ad0914bfa8d4d95f0e168eb42902552be,branch-2.6,cf4630b7f5394890f5d1c63eb291fe7f638ffe1f,2025-05-23 14:02:34+00:00,TYPE-I
hbase,master,30ce21bcadb403feef1007c22c5549fdcf8d13d9,branch-2.6,c1c2e9866e7f5eb2a961e771e5484ac022e7ab01,2025-04-28 08:08:24+00:00,TYPE-I
hbase,master,e56e14bcc9f15ceae3f7961a21d4eef94ce1c159,branch-2,e110ee1c30e2a6be2ebf39cc109c7f5f10981994,2025-04-23 08:26:02+00:00,TYPE-I
hbase,master,3e951120a47f1b9bf44fd31dafb32a158b6209f4,branch-2.6,9bfd32f14031304d862fbfaa45da35e5b03073e9,2025-03-21 18:26:52+00:00,TYPE-I
hbase,master,47d2aa53cb331d478e21147c83d5284a870d6d5c,branch-2,636703bb7ea46ee0d0d4436d88284cc66a01a8cc,2025-03-18 08:51:44+00:00,TYPE-V
hbase,master,78b06cefdeb183970a008486ef3e30383e410d2f,branch-2.5,279702e3cc98eef3ee9eb46cfd9cc8d3195ea0ab,2025-02-18 16:35:46+00:00,TYPE-I
hbase,master,1880cb3ab57f74ada8fd0161a400676a15b4012c,branch-2,6f5010e4a1f383c8f5daca3d189910939561e047,2024-12-05 08:48:11+00:00,TYPE-I
hbase,master,c556dde144612aa71524a011e01892316ca15d57,branch-2.6,baabc1d7c4e639a8e9a5838ff14494b75a769522,2024-12-03 16:27:14+00:00,TYPE-I
hbase,master,aa41b3e12ec9ab725dcc990b4e1966372451d5aa,branch-2.6,1d8b14014bda6da4cd3bf0df32feffa9178aa3ec,2024-09-30 17:21:30+00:00,TYPE-I
hbase,master,449c446c3c8389e4e81aed08ca9ac56a330a20bb,branch-2.6,99aa86de45c591bd1ee3e060937196098ea4d40f,2024-09-26 08:20:11+00:00,TYPE-I
hbase,master,63b26b126dd61257e1a6fdf2f6eb1737ad99d71c,branch-2.6,dbf8acf196ad74ce932eb1a5ad78368f207e0a6c,2024-09-04 10:59:29+00:00,TYPE-I
hbase,master,158b6d0af593604bcbc9b2d0e815198e032928c4,branch-2.6,70619f0ee10533dad5ccb890232ebfda0394a387,2024-08-07 08:07:54+00:00,TYPE-I
hbase,master,b4cbd5c84b2402c5779e79d7076cea94be014d21,branch-2,5a199207278be52dad4b13912244e7b3c7f0dd52,2024-07-22 13:15:32+00:00,TYPE-I
hbase,master,5082212e04911310e540b3851b94cebae6593361,branch-2,7ac7f054df2c76a6086239524d7c062ab25e16ef,2024-07-10 14:32:57+00:00,TYPE-I
hbase,master,f8aa3e23126c3ed0fd2558ecf1cec205d8edc928,branch-3,2848cfa42c85cf7dea751113cadb22733a0c11b1,2024-06-21 15:13:50+00:00,TYPE-I
hbase,master,00b1bba5065d816523972baec56088db4ee20b85,branch-2.6,e554476aa02d067c8e293ad034ee16d6d8629a5c,2024-06-07 08:04:47+00:00,TYPE-I
hbase,master,04816d98a201efc6c6d50eed4a3b6d7154caf5e7,branch-2,f56248673aead5c1252165253bb85f6d24942416,2024-06-06 13:00:40+00:00,TYPE-I
hbase,master,1c41e861f8f54206ad98ee9b8ab943d55210c65f,branch-2.6,91672904a7ba86c80cfe3c841ac25e79e5342ef4,2024-02-29 17:11:25+00:00,TYPE-I
hbase,master,8c989c92a67cc4373c1291f400aa372bca2d33b6,branch-2,e1cebb0deaf8c55071b9e490172e725b37e78d4a,2024-02-28 14:54:53+00:00,TYPE-I
hibernate-orm,main,99299a916d8a135e3d75126ac97fd6568db6096d,7.2,b0aa5cbf88deefdbfcda059eb053030a2c556ba0,2026-01-08 07:40:56+00:00,TYPE-III
hibernate-orm,main,6da1282e7030eb4539a31783172c75c9d04ca568,7.1,eafaf38201a0fcaa5e20c448b1ec21531be697a4,2026-01-07 18:29:52+00:00,TYPE-I
hibernate-orm,main,6cfdc641535daf0b43f7b75c66b6998164f53f88,6.6,5dd29f8a006df9bf7accc848a208e6256b7790bf,2025-12-02 17:20:50+00:00,TYPE-V
hibernate-orm,main,eacb8361af412dbcc3ea92eb9dd21ed6e29cfbdc,7.1,482d095f361ef78def0b1f0d07c464287d41578e,2025-12-01 18:04:48+00:00,TYPE-IV
hibernate-orm,main,72dae39eb4590ed1d012dac9ee6c992328742a0d,6.6,cfd54a41298ae8b529a24a83435f0916f256b1ee,2025-11-27 11:10:00+00:00,TYPE-V
hibernate-orm,main,b78f80fee466cc50fe2a86a1b6b8a6b9579fa931,7.1,794eea15d277074b001d5b129e710263cb554287,2025-11-26 17:55:12+00:00,TYPE-III
hibernate-orm,main,49865daffa254defa826aa91ea1dad4fcdd36727,6.6,897665d501c9e17924166c52f9853468a90c4faa,2025-07-25 06:45:36+00:00,TYPE-II
hibernate-orm,main,5c85c1aa9c6701f56cf1600ca27e14ad660a6985,6.6,fc84bf7ad64cd0b6c0cf4e7ea842c1f7e88ef16d,2025-07-02 14:07:54+00:00,TYPE-II
hibernate-orm,main,3c4a340c5eb30cec8cba464622e6b9990a825beb,6.6,a0bf95e68dff8d64c358da0432528f1cc1e9be7e,2025-06-30 13:59:39+00:00,TYPE-V
hibernate-orm,main,bddfc60fdf1b51d59d071c798fd8ff13d5fc0698,6.6,aefc2d1558d92ddc44795549347bc8388d56bf2c,2025-06-11 12:18:18+00:00,TYPE-II
hibernate-orm,main,b8dc72ccb2a0a5ee1a1e28c9cf7bda245a43db68,6.6,b8304a93dbe9cdd4fb1f436df2a452490dd0e0a6,2025-06-11 12:18:07+00:00,TYPE-III
hibernate-orm,main,47f4af91f50cb191f249d6944a29422b17af9616,6.6,31ecca5912c6689386fc85310ef7ec141b792db5,2025-05-28 12:07:43+00:00,TYPE-III
hibernate-orm,main,0613466463b5a5d7c567ce20450bf3ffd47d9285,6.6,0f310ba32e0c126ca58e40b38dc4ee98ff0b5db3,2025-05-20 13:03:18+00:00,TYPE-II
jdk11u-dev,main,b3477399d01c81dfe87e2041926a0244e616c18f,jdk11u-dev,bfc3bebd26fa21716ac6461a016bda5548486978,2025-05-08 22:03:06+00:00,TYPE-II
jdk11u-dev,main,bdfb41f977258831e4b0ceaef5d016d095ab6e7f,jdk11u-dev,710baba5abf51bbca596aa7c9efbe64b19e4f73d,2025-04-08 17:04:29+00:00,TYPE-V
jdk11u-dev,main,cfee4512f7048e9cf440078e9eb87d37c7ebcdd9,jdk11u-dev,be6956b15653f0d870efae89fc1b5df657cca45f,2025-01-11 22:18:17+00:00,TYPE-II
jdk11u-dev,main,158b93d19a518d2b9d3d185e2d4c4dbff9c82aab,jdk11u-dev,f53cbeaa1459ee4a9a96b11500895a9d99c8e366,2025-01-11 18:24:00+00:00,TYPE-V
jdk11u-dev,main,4d2cd26ab5092ad0a169e4239164a869a4255bd3,jdk11u-dev,445e79ea99250a77ca38223710ca7e7fef0b6309,2024-10-03 19:53:21+00:00,TYPE-V
jdk11u-dev,main,f4b140b4200fc0f49161395501d3dbcba7a79059,jdk11u-dev,0358cbd0a1538937612e3a78ffbfb64d7f4c45a2,2024-09-23 14:08:45+00:00,TYPE-V
jdk11u-dev,main,2fcb816858406f33cefef3164b2c85f9f996c7da,jdk11u-dev,be6c6212ffb542d517513784ce10eda68cbb0fe9,2024-06-13 08:00:44+00:00,TYPE-II
jdk11u-dev,main,687567822a5380fb7d8c5b54ae548b2a5c848187,jdk11u-dev,4117953453635dbaea56add47a6fde5eb3f1258d,2024-03-27 17:22:15+00:00,TYPE-II
jdk11u-dev,main,42ecc8a37ffc7e4ad7beb49cac7d821c00a5568e,jdk11u-dev,ec4e75d81a3661df3dbf43610cba69c453099082,2024-01-29 02:03:32+00:00,TYPE-II
jdk11u-dev,main,a26f7c03c72e4efe6d3219d294294c554aebc631,jdk11u-dev,224f0f30bded37d003e66445bae98d9f7f80c60d,2024-01-10 01:08:35+00:00,TYPE-V
jdk17u-dev,main,1ec64811a365442c902e334b56f4cf926c316a4a,jdk17u-dev,350badf5e7fcfebd9fc8848ffad4d6df6b874ad0,2025-07-10 12:47:36+00:00,TYPE-V
jdk17u-dev,main,5fab27e1b8fdf2ea27cb3b349bd339a4a6ec828b,jdk17u-dev,8b306de46d88219722a57f6e72d0b4456eb6faf0,2025-07-08 15:56:13+00:00,TYPE-I
jdk17u-dev,main,460ebcd9cb94867608e22e07092bd1cf33228700,jdk17u-dev,183b9a0ab4d6d37d120ea239cac61d6bbd6a7d43,2025-06-26 17:29:30+00:00,TYPE-II
jdk17u-dev,main,dcd46501e6a25ac875d61bfbd412555b933ce34c,jdk17u-dev,4b40f900f47af62d7c0072b65e1c6bc3e9985ef1,2025-06-25 07:58:32+00:00,TYPE-II
jdk17u-dev,main,c3226aaeb810521257e961be5763552c86ee5651,jdk17u-dev,35325584ecf40cee0b8ef9096e45035347df88b0,2025-06-17 08:11:02+00:00,TYPE-II
jdk17u-dev,main,d55d7e8d87670043dd22ec6a3fb6cc49b39000cd,jdk17u-dev,95fe05a32508fc2ac2eb235a236111e6b9a4eba7,2025-06-13 14:44:00+00:00,TYPE-II
jdk17u-dev,main,e5f05b5a963774914751d9c241dd5693ed06af0b,jdk17u-dev,77bc699333c257c18a73ac3de0f5286eba60550f,2025-06-09 23:16:23+00:00,TYPE-IV
jdk17u-dev,main,81484d8c0520cf55ec58fc7b4c81880e69537674,jdk17u-dev,4070736f14d2c036243f8cb2745b2fa8b9d9af13,2025-05-26 13:23:56+00:00,TYPE-III
jdk17u-dev,main,3828dc913a3ea28d622b69bd07f26949128eb5f7,jdk17u-dev,1133187ec89f99e80ecc7fc3bd01d73e0ff81223,2025-04-28 16:46:24+00:00,TYPE-II
jdk17u-dev,main,5cacf212f066f5694d01f0891adfbe8b38660175,jdk17u-dev,9bad4b45f08f369d6a55cbd2bafda10438dc93ed,2025-04-18 18:24:01+00:00,TYPE-I
jdk17u-dev,main,e20bd018c4046870d0cf632bb8e5440cb9f5c3c2,jdk17u-dev,1f039fe2044edbd09d62914bc99e01facfc453c4,2025-04-11 13:21:52+00:00,TYPE-II
jdk17u-dev,main,bdfb41f977258831e4b0ceaef5d016d095ab6e7f,jdk17u-dev,6298607643dc00f2d7a2f2c23894fed0618cc78d,2025-04-09 15:49:09+00:00,TYPE-II
jdk17u-dev,main,9f98136c3a00ca24d59ffefd58308603b58110c7,jdk17u-dev,01425e40cd545b0183d792fc6d3a82bbfb70c468,2025-03-31 18:35:47+00:00,TYPE-II
jdk17u-dev,main,dadd9cd1e8434cffaafc7406a864eaa55954cfb8,jdk17u-dev,574e1ad734409bdcf1b78f0c6b53a7196b3b0d66,2025-03-10 14:22:43+00:00,TYPE-III
jdk17u-dev,main,e81f20b50405dc02963c8bf549000c60e78152d8,jdk17u-dev,45a35e8539c3f93be78264832d4f4c462edb071f,2025-02-22 15:11:49+00:00,TYPE-I
jdk17u-dev,main,c7c6d47a07100f6c81af6cfad301ec1bda77adf7,jdk17u-dev,86d5a0e37a622950d55cb95876a805da5c572793,2025-02-19 17:44:15+00:00,TYPE-I
jdk17u-dev,main,8198807b4a811040c7d9f65fb98494fc7d840814,jdk17u-dev,cf4fca2f96f8ae20a4645d571ef65b2be1d7a5fb,2025-02-07 08:33:05+00:00,TYPE-I
jdk17u-dev,main,bfaf5704e7e71f968b716b5f448860e9cda721b4,jdk17u-dev,d2fb8c273488f0ff57e5f0aacb00d679d7ffa849,2025-01-20 09:02:50+00:00,TYPE-III
jdk17u-dev,main,2836c34b64e4626e25c86a53e5bef2bf32f95d2e,jdk17u-dev,25c7a7bdc1470e2e8e8cc0844ce95fac7c501103,2025-01-17 16:55:54+00:00,TYPE-V
jdk17u-dev,main,d5cd4a3a28a85bbcaa3c0c7f2e74e0684b5efcab,jdk17u-dev,d3b28d47fac02c6c9848a45f63a9b66437f8fb2c,2025-01-03 10:32:08+00:00,TYPE-II
jdk17u-dev,main,fc918a73d0dcc28146e60f15e978209424a32576,jdk17u-dev,d7df4c515e1a33ac28c7b1e4f2b391c3b0883891,2025-01-03 10:29:38+00:00,TYPE-II
jdk17u-dev,main,ded6a8131970ac2f7ae59716769e6f6bae3b809a,jdk17u-dev,41b4812c2409c9867d9fc2f60777706d07a95875,2024-11-11 20:44:15+00:00,TYPE-II
jdk17u-dev,main,47c10694c66bc131c8a5e1572340415b8daaba08,jdk17u-dev,d1be3c9ff3e21c3c2688432835f1b3bcc51142f7,2024-11-05 13:45:46+00:00,TYPE-V
jdk17u-dev,main,87b314a985c5c3937c1d1d8daadd3e9f8b1acd9d,jdk17u-dev,a72e14af66c6625d2f6269938502f46dc9718ce8,2024-10-30 07:34:46+00:00,TYPE-II
jdk17u-dev,main,cfee4512f7048e9cf440078e9eb87d37c7ebcdd9,jdk17u-dev,56c03a4a4244c822eec9a45a037465d383a8fafe,2024-10-21 18:45:34+00:00,TYPE-I
jdk17u-dev,main,7765942aeee25cbeb5fd932a93b3d8f9d4ca3655,jdk17u-dev,15586dc50be9c8a6a302f22df4112d2539f7fa80,2024-10-05 13:19:21+00:00,TYPE-II
jdk17u-dev,main,4d2cd26ab5092ad0a169e4239164a869a4255bd3,jdk17u-dev,0b3d6c31d175c098ebb02c040890059920eb2322,2024-10-03 19:52:40+00:00,TYPE-II
jdk17u-dev,main,f4b140b4200fc0f49161395501d3dbcba7a79059,jdk17u-dev,33cd4b41b3815092b7cbbd324845eeae8cf76257,2024-09-23 14:09:18+00:00,TYPE-V
jdk17u-dev,main,848b16a3f933c1cffbce93337a5d9b4e48ce4b45,jdk17u-dev,4120fcc88fb2d7c39fa36add290945c1d3c6aee7,2024-09-22 14:55:32+00:00,TYPE-II
jdk17u-dev,main,af8fb7eef7188ef762399cfb3faf5c8afd49efa7,jdk17u-dev,604e92dac4ba1a68bc1e351be8b4f480a62172ef,2024-09-17 09:42:44+00:00,TYPE-V
jdk17u-dev,main,169a5d48afbc6627f36a768c17c2a5e56219d9c7,jdk17u-dev,e336d04e8ce0fe303b2bef1f08b2e4647c113d42,2024-09-17 09:41:15+00:00,TYPE-II
jdk17u-dev,main,1e4eafb4fe70832294a12938d93e7860073cf4cf,jdk17u-dev,878ceeb3f6a7f720dbf2eb270dddc56f41e01503,2024-09-10 05:57:54+00:00,TYPE-I
jdk17u-dev,main,d6d7bdc7748c10963c3e58c0287b2472646bf36f,jdk17u-dev,b2c92fd6d16caedba818aa5d4f94bba2f1b9efaf,2024-08-30 15:35:53+00:00,TYPE-II
jdk17u-dev,main,3c4cd50e3cef5905d6c5dacddd6759e118bc50ca,jdk17u-dev,7a53368b2b27585270184316c9b30a6fb27e33e6,2024-08-07 14:19:00+00:00,TYPE-I
jdk17u-dev,main,a5ffa079a0d6107be652bc026f5c91b7dcd791f8,jdk17u-dev,966cafcd14e425061a79e0027dc5ac02c968f270,2024-08-07 14:17:01+00:00,TYPE-II
jdk17u-dev,main,374fca0fcbc049f937fa49bb4825edcbbf961f2b,jdk17u-dev,7f8fdbd0940c30968f38a226e52e9ce8264a1e74,2024-08-02 12:02:48+00:00,TYPE-II
jdk17u-dev,main,800e68d6906734242119e4ea033422f037a79857,jdk17u-dev,10000286390ac9b0288cee25a4f3551d09475fdc,2024-08-02 09:09:47+00:00,TYPE-II
jdk17u-dev,main,3d9dc8f824abf597d9b28f456cfeb5af927221b8,jdk17u-dev,0bc3783cb4d47e460a0c23db02e231754b275ff3,2024-07-22 18:26:47+00:00,TYPE-I
jdk17u-dev,main,f3ed27582e16c3a323f590863cbeec6d35e20b58,jdk17u-dev,14e3de9cb60b5f0449419d523a86fc9d5ee1130a,2024-07-18 12:15:10+00:00,TYPE-II
jdk17u-dev,main,25871af36b1397bdc3715ab0edc589f0483ea0b1,jdk17u-dev,acff32c3ea372eb0a25edd92f8944d733802d2d0,2024-06-28 09:14:25+00:00,TYPE-II
jdk17u-dev,main,3b582dff849f1c25336e2efc415eb121f8b12189,jdk17u-dev,f277b3999f8cd30d5874ce58f290a06538d0189f,2024-06-26 12:37:38+00:00,TYPE-V
jdk17u-dev,main,0259da92831087e918d00b8a83e04c96a6877f41,jdk17u-dev,c2dd771ec5c1df72c585d8276e024cd5a5c11549,2024-06-20 10:07:21+00:00,TYPE-III
jdk17u-dev,main,268ec61d4fa9c5b7d2c7bcafb942b33e5b189974,jdk17u-dev,0a4f92603b76181358326908497220c7d14211b1,2024-06-12 09:51:16+00:00,TYPE-V
jdk17u-dev,main,cd3e4c03661f770ebeefcd3637d56589243ac0a9,jdk17u-dev,cda3768ca9d8cf6f41eaf82bf6065a4afc422fe4,2024-06-10 08:17:31+00:00,TYPE-III
jdk17u-dev,main,1caba0f13c42121c9e1c6648715ec7c31349b537,jdk17u-dev,ffa8a102da9760711b303248f41a23646dcb897a,2024-06-07 15:20:26+00:00,TYPE-II
jdk17u-dev,main,80b63b67293970936d57ae4375ad76cd2b11a333,jdk17u-dev,2db15017683a4b72798439c39e96038d0ca9c4fe,2024-06-06 09:46:23+00:00,TYPE-III
jdk17u-dev,main,1f81e5b19ebfb7cd1b5a01d6cf79efda7e827c35,jdk17u-dev,08b3f72ac5485f0d56dac7c26af859ce08ae7dfc,2024-06-05 08:38:27+00:00,TYPE-II
jdk17u-dev,main,099a8f5b2f924fddd43ff72f3f7c6f34b6c15b0f,jdk17u-dev,cc3f0e52bfee9d96c464ae55999e834717aa3772,2024-05-29 10:25:39+00:00,TYPE-II
jdk17u-dev,main,620c8a045f92126c2552347b9f369405ab2d6d36,jdk17u-dev,d1e31f6f6a455572c2d5b6f118ce54fa040e0e82,2024-05-28 08:32:14+00:00,TYPE-I
jdk17u-dev,main,f608e81ad8309a001b8a92563a93b8adee1ce2b8,jdk17u-dev,aea8e4a101e6910d7a3d07be021cba30fe5c6530,2024-04-29 07:41:21+00:00,TYPE-I
jdk17u-dev,main,925d82931c09dc11ea5a3bc410ea5cfd67ee14aa,jdk17u-dev,52d1f0c4389699eab63b49f46d11e3060db6ce2f,2024-04-28 21:51:08+00:00,TYPE-V
jdk17u-dev,main,d44aaa37f98dd383aebbec097427feb1f1c29b74,jdk17u-dev,cacc30b77cab0173ea14601094a5b5b3106ce2f5,2024-04-16 09:05:23+00:00,TYPE-III
jdk17u-dev,main,82796bdebbf56b98ec97a6d572ed68c2842f60c6,jdk17u-dev,fc01ffe952f781f7510575b015c64cfc6b7431ed,2024-04-09 18:18:09+00:00,TYPE-III
jdk17u-dev,main,acaab6fd74f507bb6b18167505d88e505bdf24bd,jdk17u-dev,08debe83ae06b613dbc4b160972d1d50bb319578,2024-04-02 09:14:56+00:00,TYPE-II
jdk17u-dev,main,a183bfb436a7dd998e602c2d16486e88c390fca1,jdk17u-dev,5ecac7a2bf51ea3f92a4a5eb1e1e9134cfa7e677,2024-04-02 08:39:36+00:00,TYPE-I
jdk17u-dev,main,3ccb3c0e09f9a414229d3f76031f3fc8f271c936,jdk17u-dev,43956686c924658ee2d7866e46ee9f10d9595c35,2024-02-16 20:59:34+00:00,TYPE-II
jdk17u-dev,main,42ecc8a37ffc7e4ad7beb49cac7d821c00a5568e,jdk17u-dev,561f956db2abd8908b8b2b3dca10bac1a1e0bfb7,2024-01-25 02:25:40+00:00,TYPE-I
jdk17u-dev,main,a26f7c03c72e4efe6d3219d294294c554aebc631,jdk17u-dev,092758703e25644cc6f867ec8a4fbd4e23e8cd3a,2024-01-10 01:10:23+00:00,TYPE-III
jdk17u-dev,main,b85500e52479c48b02a96b28fddefa2b25d5d9bd,jdk17u-dev,f6f32bf256e34447f54be823fdfb2e64e235e404,2024-01-09 14:48:02+00:00,TYPE-II
jdk21u-dev,main,3989a199578fc1d91988cfdbb95f11dd6d4c7b81,jdk21u-dev,eb8320ce840175f1f132673824ef8e67850814da,2025-05-14 08:50:03+00:00,TYPE-V
jdk21u-dev,main,d9e7b7e7da98a0170d26301a4bbd61aad0127c6e,jdk21u-dev,e227f6aab16a4e4603723f66e8bce8f2c479f7fc,2025-05-11 23:27:00+00:00,TYPE-II
jdk21u-dev,main,a9cb120d03e5b2efa244086e213d3b9e4706558a,jdk21u-dev,c2228cc099d300edfb90958ae1d98acd698f9ff9,2025-04-30 20:38:33+00:00,TYPE-I
jdk21u-dev,main,3828dc913a3ea28d622b69bd07f26949128eb5f7,jdk21u-dev,67ba686a2e3ac7a31bd754f6cd1cc51ef861febf,2025-04-28 16:46:56+00:00,TYPE-I
jdk21u-dev,main,81484d8c0520cf55ec58fc7b4c81880e69537674,jdk21u-dev,4c1d231925ccfd133e1fdd8d875bbd3141360e86,2025-04-28 16:46:28+00:00,TYPE-I
jdk21u-dev,main,f8e81d23393cbc04557e3975edd8898901dd6d26,jdk21u-dev,a02cecf238969bcde7eb2d00fb15514a434c8a44,2025-04-28 14:28:04+00:00,TYPE-I
jdk21u-dev,main,ffd43c922e3b8b75a00e494d5484b6a487dd5c90,jdk21u-dev,2fb9ef2b63c2294aeb55184bf65f5e2d1107fcaf,2025-04-28 13:12:05+00:00,TYPE-I
jdk21u-dev,main,e70264654570155a39d0841ce82b9dd52ca0389c,jdk21u-dev,550131530068717c85a7802e2db1578608b10374,2025-04-21 08:13:36+00:00,TYPE-I
jdk21u-dev,main,d2e2c4cef1f15a3fc7f1f619470d23ae6bb37725,jdk21u-dev,091c56980c5b3b5666235fdb95c60dd10d3071be,2025-04-21 08:11:10+00:00,TYPE-I
jdk21u-dev,main,9e282e5c966a9c065de8b901b7d30bb5c9ccf243,jdk21u-dev,c40e6ef3dcb25b8acc156aa4051694322bf7e351,2025-04-18 19:38:57+00:00,TYPE-II
jdk21u-dev,main,d55d7e8d87670043dd22ec6a3fb6cc49b39000cd,jdk21u-dev,28cb19e41bf3cd949d3f99d44cdfe0b1fe778bfa,2025-04-14 16:36:06+00:00,TYPE-I
jdk21u-dev,main,bdfb41f977258831e4b0ceaef5d016d095ab6e7f,jdk21u-dev,0306421f2a3677a73f94492037dd2c10235eca34,2025-04-09 15:48:08+00:00,TYPE-II
jdk21u-dev,main,cd3a607576bede17f48c3d5ebde2bf05f3b615ba,jdk21u-dev,6cd096eb71689f691736d0d93f0f3eb6cf51b971,2025-04-07 16:17:49+00:00,TYPE-I
jdk21u-dev,main,e20bd018c4046870d0cf632bb8e5440cb9f5c3c2,jdk21u-dev,e8daf0c703dc926f00ac106b25be5aa95ec33249,2025-04-07 15:28:13+00:00,TYPE-II
jdk21u-dev,main,89a15f1414f89d2dd32eac791e9155fcb4207e56,jdk21u-dev,d7fa4bbb9460e0c7de9aa23552454d4278e8d669,2025-04-03 23:08:07+00:00,TYPE-I
jdk21u-dev,main,4beb77192f54f27183285400d7cae7528df64e43,jdk21u-dev,c662d7dc248e6a46b52a1d620fa42c3081a90ccf,2025-04-03 14:21:47+00:00,TYPE-V
jdk21u-dev,main,9f98136c3a00ca24d59ffefd58308603b58110c7,jdk21u-dev,fc6e5755db1dd37a4f0dc295f0a49a236119e943,2025-03-27 16:30:51+00:00,TYPE-I
jdk21u-dev,main,b0ac633b2d0076d64b463b2a6ce19abf6b12c50f,jdk21u-dev,32ac3e713ea4370e496717967fff7de9450d2f69,2025-03-22 00:16:13+00:00,TYPE-III
jdk21u-dev,main,720b44648bcff997278af92746f942b2425298a5,jdk21u-dev,209939a90e9b804da4c37ebd978b088cb8f41ead,2025-03-20 14:14:41+00:00,TYPE-V
jdk21u-dev,main,fc98998627443d6e73ac70661f47f48b30525712,jdk21u-dev,d8291f593762ab270bf05643b87c57578d716242,2025-03-19 16:43:27+00:00,TYPE-V
jdk21u-dev,main,dadd9cd1e8434cffaafc7406a864eaa55954cfb8,jdk21u-dev,071aaf8f736d258d04fcc7c025befa9125c67235,2025-03-10 13:56:50+00:00,TYPE-I
jdk21u-dev,main,bfaf5704e7e71f968b716b5f448860e9cda721b4,jdk21u-dev,99a9299150e0130fa01c8400800d41b0b537d032,2025-01-20 09:03:19+00:00,TYPE-I
jdk21u-dev,main,bddcd086b7c76d915aaa76427c2ae4088ad4239f,jdk21u-dev,ddddc1a0eed66c973a62f981bdd8f83f36ff5cb6,2025-01-16 08:14:55+00:00,TYPE-II
jdk21u-dev,main,fdfe503d016086cf78b5a8c27dbe45f0261c68ab,jdk21u-dev,85e5a5c6e160a92cf599e649413e08fe03df6de5,2024-12-24 11:19:16+00:00,TYPE-V
jdk21u-dev,main,158b93d19a518d2b9d3d185e2d4c4dbff9c82aab,jdk21u-dev,e45287d1ad9dcadf8a23d3271f1b675b8dade0ac,2024-12-04 01:02:53+00:00,TYPE-V
jdk21u-dev,main,f3be138eb80c9e7f6cc21afb75cda9e49b667c8a,jdk21u-dev,d383ba546ca749d21ad39288e47335135e7b2142,2024-12-02 15:52:28+00:00,TYPE-II
jdk21u-dev,main,d5c6158cedfd96a9f97d83355b10730b81274648,jdk21u-dev,948710fb048532e0432629ef90bd6f3298786569,2024-11-18 15:12:49+00:00,TYPE-II
jdk21u-dev,main,47c10694c66bc131c8a5e1572340415b8daaba08,jdk21u-dev,d7c2775a1eb12903ebec262e1d6b3ddc7564532c,2024-11-05 13:42:52+00:00,TYPE-I
jdk21u-dev,main,9bb675f89dd1eeec423ca96cb3f96d29f5de477c,jdk21u-dev,b002ba635758d820e4da275949afb6efa8a1ebfb,2024-10-11 07:51:11+00:00,TYPE-II
jdk21u-dev,main,d6d7bdc7748c10963c3e58c0287b2472646bf36f,jdk21u-dev,edd6437324d5f0a2f8848f09c0936b6ebfbe82bf,2024-08-14 13:01:48+00:00,TYPE-II
jdk21u-dev,main,c7c6d47a07100f6c81af6cfad301ec1bda77adf7,jdk21u-dev,5acb02287b474a3393d4a371d6da55dba3b2ad2b,2024-08-14 06:16:44+00:00,TYPE-I
jdk21u-dev,main,374fca0fcbc049f937fa49bb4825edcbbf961f2b,jdk21u-dev,7c2666d9e5d016199ead47f8edb3f94ef1d469d3,2024-08-02 09:10:08+00:00,TYPE-II
jdk21u-dev,main,b3bf31a0a08da679ec2fd21613243fb17b1135a9,jdk21u-dev,69aab6aee1594aba1b6d7fe9d1b2e4562b64d495,2024-07-18 07:51:13+00:00,TYPE-II
jdk21u-dev,main,25871af36b1397bdc3715ab0edc589f0483ea0b1,jdk21u-dev,65cf18ae6849bd9374865d505169336a24503b6c,2024-06-26 10:42:42+00:00,TYPE-I
jdk21u-dev,main,3b582dff849f1c25336e2efc415eb121f8b12189,jdk21u-dev,e257ae5ecd31adb60bc54c3971ef0f25342d94f8,2024-06-26 10:42:26+00:00,TYPE-V
jdk21u-dev,main,0259da92831087e918d00b8a83e04c96a6877f41,jdk21u-dev,f2e567ab13b0dac0bd4bd127ee10dac3e9f4240b,2024-06-18 09:14:13+00:00,TYPE-I
jdk21u-dev,main,cd3e4c03661f770ebeefcd3637d56589243ac0a9,jdk21u-dev,8991255fa016ad16d556c827e2cbe4cac7f22c48,2024-06-06 08:23:20+00:00,TYPE-II
jdk21u-dev,main,80b63b67293970936d57ae4375ad76cd2b11a333,jdk21u-dev,ec7a205b56a35566164c3bcc37fdb9ee9b87ba35,2024-06-04 16:23:05+00:00,TYPE-III
jdk21u-dev,main,819f3d6fc70ff6fe54ac5f9033c17c3dd4326aa5,jdk21u-dev,2144c0e2446e882b18b32573bbc977c1b070b603,2024-06-03 09:09:33+00:00,TYPE-I
jdk21u-dev,main,245514da51ef77757f530317e079a3f58370a0be,jdk21u-dev,dc831aa750351c2b38cf5fee42d93ff62a230a28,2024-06-03 09:05:34+00:00,TYPE-V
jdk21u-dev,main,1f81e5b19ebfb7cd1b5a01d6cf79efda7e827c35,jdk21u-dev,8d4f686ef1a832511767dbd470d082459f14badb,2024-05-31 09:02:04+00:00,TYPE-I
jdk21u-dev,main,099a8f5b2f924fddd43ff72f3f7c6f34b6c15b0f,jdk21u-dev,0a2e2e707dce937cd134f07a692084449247db5b,2024-05-16 21:52:11+00:00,TYPE-I
jdk21u-dev,main,6af0af593446bc33dc94bbf7334c325c4ac0ac0f,jdk21u-dev,ec6b32601095017a2641f4b82143e83bef5f37b6,2024-05-07 09:47:45+00:00,TYPE-V
jdk21u-dev,main,925d82931c09dc11ea5a3bc410ea5cfd67ee14aa,jdk21u-dev,2331bc75b02ddcc093ef5811a7452f9999b4c8d6,2024-04-25 09:30:25+00:00,TYPE-I
jdk21u-dev,main,80edd5c298f21c5e5be3a0c2bb63129e76e0334f,jdk21u-dev,80cf08aa0b1b9f5d5bd19e1b6a88f6725b233f30,2024-04-03 08:58:07+00:00,TYPE-I
jdk21u-dev,main,d44aaa37f98dd383aebbec097427feb1f1c29b74,jdk21u-dev,2800d8bc708f7ccdf32ef64c52f99f40b1459698,2024-04-01 16:25:08+00:00,TYPE-I
jdk21u-dev,main,10335f60f923aa4f315e64acb2bfd7bb06d47a1b,jdk21u-dev,93a4707f13aafc08a131e24c3c5ccbbe189da529,2024-03-19 17:36:25+00:00,TYPE-I
jdk21u-dev,main,82796bdebbf56b98ec97a6d572ed68c2842f60c6,jdk21u-dev,779204c941225f76aa85299bacfae59deccef082,2024-03-11 22:22:14+00:00,TYPE-III
jdk21u-dev,main,acaab6fd74f507bb6b18167505d88e505bdf24bd,jdk21u-dev,4244cb0d9927bd2b6c565b10e6bd40be0c3c7843,2024-03-05 11:57:40+00:00,TYPE-I
jdk21u-dev,main,ee4d9aa4c11c47e7cf15f2742919ac20311f9ea7,jdk21u-dev,309a16e6093fbcc0d856fcd1009808ddf52f1181,2024-01-18 03:49:26+00:00,TYPE-I
jdk21u-dev,main,f3ed27582e16c3a323f590863cbeec6d35e20b58,jdk21u-dev,fcf9ebde634a7274fc110094f613e0c0af979893,2024-01-17 16:07:18+00:00,TYPE-I
jdk21u-dev,main,03c4595173d564df97aa4f2b3156adcd4be379fa,jdk21u-dev,f57f2cbaa08e53a81a803bde982d912feea15515,2024-01-16 16:06:21+00:00,TYPE-II
jdk21u-dev,main,a26f7c03c72e4efe6d3219d294294c554aebc631,jdk21u-dev,a1d7bcfd0754ed2748d08a9d55f90a2d73f2a4af,2024-01-10 01:06:36+00:00,TYPE-I
jdk21u-dev,main,4ba94ef69ef2ee576c50bb6003a795746dcdf30d,jdk21u-dev,a85f3f8300245d97daee8f35f4ebdeb442fe1fdb,2024-01-08 12:08:42+00:00,TYPE-II
jdk25u-dev,main,fd13e1ce9805a903ab60ad9b476eb5a6687d22ee,jdk25u-dev,b4041e3e2222f78cb8c5c85ac2db6b30aaa3c390,2025-12-17 14:44:33+00:00,TYPE-I
jdk25u-dev,main,35dabb1a5f31d985f00de21badeeedb026a63b94,jdk25u-dev,11015ddbff70ea1242648408ca6c5c96fd57f4b1,2025-12-17 14:41:54+00:00,TYPE-II
jdk25u-dev,main,6f8d07ae21e49f87f64a5d4e10c930c4447ec8b6,jdk25u-dev,dcd89eb9b1dfe6fd60370731b4f94b1ec6d0d359,2025-12-10 16:15:56+00:00,TYPE-I
jdk25u-dev,main,2fe12984474656a08c4525c04a351d85be73f658,jdk25u-dev,1bb9ea9c885796d8d32fe1a45e59267ef60840d1,2025-12-04 08:32:02+00:00,TYPE-I
jdk25u-dev,main,376d77e8a71478f456af5baaf47f446eebd79e36,jdk25u-dev,c03914817da13ae0bab37a35d94b3569a19964b1,2025-12-01 17:18:06+00:00,TYPE-II
jdk25u-dev,main,cc5b35bf69dcf9e7e8037642c94e8d7e5847952d,jdk25u-dev,af080e104fcb45626cdcb845014c31c4abaf33ac,2025-12-01 07:53:49+00:00,TYPE-I
jdk25u-dev,main,bcff857ba09028cc43e856726b5c839cc6b1b0d9,jdk25u-dev,2ed77bee88c4f17f58e01d80237472dd14613494,2025-11-28 16:52:16+00:00,TYPE-I
jdk25u-dev,main,ced3f13f4e036513444d1fea3958be11741c2b8e,jdk25u-dev,fc2f115d2d8721725fec27a8de7e8201fcd44486,2025-11-26 17:05:37+00:00,TYPE-I
jdk25u-dev,main,bdf6853cfdd24176bdddb59b6d7bb85036b94c57,jdk25u-dev,96dc209747e695784f75c6de0cb4039df3b9208a,2025-11-26 17:05:01+00:00,TYPE-II
jdk25u-dev,main,022e29a77533aacabd56820d00ecffa9646a8362,jdk25u-dev,07af85cbda7ae3fe832adf6250b6d638b9469465,2025-10-17 14:45:16+00:00,TYPE-I
jdk25u-dev,main,da0d9598d049b17c04da95b61214b093c97fb60e,jdk25u-dev,38fd7944e98ddeae76d29fb37d2359a8b7c2d006,2025-10-15 01:27:57+00:00,TYPE-I
jdk25u-dev,main,37b725d9c12834358a562e6c03fb7f566d639ca5,jdk25u-dev,28eaab4297169d71e672a87c08444ec2aa244195,2025-10-14 21:23:40+00:00,TYPE-I
jdk25u-dev,main,80cb0ead502ae439660f2a3bbab42df4da39d9d6,jdk25u-dev,a875f32a00b62d07363a83ead77e5bc34fe11b6c,2025-10-13 18:01:54+00:00,TYPE-I
jdk25u-dev,main,0e98ec36623d5d83172209058574a97bab1d6038,jdk25u-dev,368e829f281befe597e7b123d400f9fcb5a71f20,2025-10-13 17:58:33+00:00,TYPE-II
jdk25u-dev,main,12e6a0b6d0086caf156cf5513a604320c619b856,jdk25u-dev,81bf87878330a704a313886e3f273b581064d2cb,2025-09-05 02:15:55+00:00,TYPE-I
jdk25u-dev,main,c71be802b530034169d17325478dba6e2f1c3238,jdk25u-dev,e5762b14422315757078abb73b119126f39f7261,2025-08-31 12:52:02+00:00,TYPE-I
jdk25u-dev,main,8d73fe91bccd1da53424b9f8a52d9efafabeb243,jdk25u-dev,a93fadb15698a1da4fc5ebf2222a5432cd68d632,2025-08-26 11:56:45+00:00,TYPE-I
jdk25u-dev,main,8d33ea7395e5dd504b899d8972617f6696546d84,jdk25u-dev,4d68cf059653b8cd1888c8a0e6aecd892227662c,2025-08-26 11:54:55+00:00,TYPE-I
jdk25u-dev,main,99829950f680936489048a1ad4ce12f166805e4d,jdk25u-dev,db6230991b3e7ea5ee068c22c1f4c538e2c10074,2025-07-14 15:26:25+00:00,TYPE-I
jdk25u-dev,main,853319439e7887ddd54f8c4a3d79aa62ec51fd64,jdk25u-dev,50751da5625795e54e5235d18e4277add0ce233e,2025-07-09 13:41:05+00:00,TYPE-I
jdk25u-dev,main,05c9eec8d087cbfffed19031a531b72ad18a52cf,jdk25u-dev,0e4422b284ab25064d67afc1473e2711f585886b,2025-07-08 21:13:43+00:00,TYPE-II
jdk25u-dev,main,8ea544c33fc502208577249fb83544f8d876bc17,jdk25u-dev,e3bd9c6e1c78aac4de5907a3cb3358ec5862373b,2025-07-03 18:34:38+00:00,TYPE-I
jdk25u-dev,main,81985d422d3a433c1248deec18e4fd9b9f780c2c,jdk25u-dev,fe9efb75b0521ea3eeadcbf4a80fa8797226344f,2025-06-23 17:05:48+00:00,TYPE-I
jdk25u-dev,main,57266064a7bb995c3c614c19b936687af35e9aa4,jdk25u-dev,41928aed7dce0cc15be95f1552e6d62c18e9eea1,2025-06-20 09:47:26+00:00,TYPE-I
jdk25u-dev,main,2f2acb2e3f292517456f5b328a35182863188653,jdk25u-dev,c832f001e47c0eb64948e90291991e678f6b2619,2025-06-19 14:19:16+00:00,TYPE-I
jdk25u-dev,main,e5196fc24d2ec9e581af7803ac47036111fee029,jdk25u-dev,077ce2edc77b78e0a5a968bf935ed21468751dc9,2025-06-16 09:19:56+00:00,TYPE-I
logstash,main,712b37e1df333e8d156cb5d26fbc24aafcbfd2cd,8.x,d0d3697f736074f981787a357d6aeb1d2f43dfcc,2025-04-09 17:00:16+00:00,TYPE-I
logstash,main,cd729b76828f6c99a41dadb62f229dfa1afe1304,8.x,24104833a4860a7a61fb472a1e5dca633c145094,2025-01-17 22:28:12+00:00,TYPE-I
logstash,main,cc608eb88b81bd8dad4d3775d47a5f9017bd8b21,8.x,a3ab584257224faa235dcfd5882048b9abc233ec,2025-01-02 23:24:18+00:00,TYPE-I
spring-framework,main,f0e7b42704e6b33958f242d91bd690d6ef7ada9c,6.1.x,fd68ea6fcbf94fc1d38bfefd3692fe094652ab3d,2025-06-12 06:39:41+00:00,TYPE-V
spring-framework,main,b6a5402d885c41c911b42d35b3cd9e1f13d63ebf,6.1.x,c02d07fdef827890212ad9780a50898cc38e6deb,2025-02-25 16:57:27+00:00,TYPE-II
spring-framework,main,5a0bd9e5d411d4837294f51660b9659c98b0864a,6.1.x,ccf4b028d2900b19690220ff7e4724ef61d823c0,2025-02-21 13:36:09+00:00,TYPE-I
spring-framework,main,6dd73ae3e4aec0450220f13e7a652334dae195e1,6.1.x,b5c89c91a9aa3a8f6e2e58869da126c6c8e045bf,2025-02-21 13:35:37+00:00,TYPE-II
spring-framework,main,174d0e4576b1bbd8c8bdb9cee3bf6cf844715e5d,6.1.x,65913c36552dc8cebf2d8862fab8a40d04c1a716,2025-02-06 17:34:24+00:00,TYPE-I
spring-framework,main,b5a86dec92eefb43795ac0e9f6802d589fff5956,6.0.x,be7029c35dca4d70de15ea097649799aec19ac88,2024-07-10 10:40:24+00:00,TYPE-II
spring-framework,main,ab236c7741dcf8ea9da738d1407a623bcd12bf0d,6.0.x,a352d884c986a9ed3492ce186d954fc31dad15d4,2024-07-01 09:49:42+00:00,TYPE-I
spring-framework,main,70d9f7c62cc5f698490a926100da7c11503f169e,6.0.x,b484ab116f818129471d3bf19feea2a9df1f2c92,2024-01-22 10:28:07+00:00,TYPE-II
spring-framework,main,7c9307e9706535e82de231a095d94fbf855dcc23,6.0.x,56c63c779f84e5e6e6aabafa7c1cdbb4d95ef45f,2024-01-04 16:06:17+00:00,TYPE-I
sql,main,a003e8c7399b62ebc3a57c07bb98f11d843ceb82,2.19-dev,d20b4dbbda99da816b27c065a29158ea3c2d243f,2025-11-04 05:45:08+00:00,TYPE-II
sql,main,d1ffabd500e11730b982d53a29342e8953026724,2.19-dev,ba5d3b1b9d5dc56ff337426d36af865c7d805fa4,2025-11-01 01:37:05+00:00,TYPE-V
sql,main,42c13b40f2d3e8d7938e1ca95d9cc4fc74fbba5d,2.19-dev,ec5d429b881b3de8722bc0cb793d03cef1d4bbd6,2025-10-29 09:11:19+00:00,TYPE-V
sql,main,0257aa5d51f044f3287bbaffc83aa72f8960c57c,2.19-dev,e7caf5909820b732b09a2576963945ec86eb29ef,2025-10-20 08:11:37+00:00,TYPE-V
sql,main,a8f08ad3e101e05aefecca4765d484d1992a12b3,2.19-dev,104f7f0ec0c80f9e5af1dac3c2806b965eadb906,2025-10-17 00:06:39+00:00,TYPE-II
sql,main,5630119fd143915653de74b02f96d6d524909bbf,2.19-dev,480d0bee45121c6564705dacfb06c2ef15686f1d,2025-10-16 02:31:42+00:00,TYPE-II
sql,main,284ecc49f2a1a1428658a75d5ae4dc608476133b,2.19-dev,0591243c5ff276dd2bbd2b71c57b676e2b697ca3,2025-08-26 09:29:09+00:00,TYPE-V
sql,main,fce8383d56444092eed01b01b889fc6e4be4e810,2.19-dev,f10ffd50a08f0b167b4d684798456bf7d0b419d9,2025-08-22 03:37:30+00:00,TYPE-II
sql,main,9939fc98b6634296732db52462221b17d145a7c2,2.19-dev,4bd23cfafcc13d92a798489658cd6319f4dc776e,2025-07-31 18:11:19+00:00,TYPE-III
sql,main,0b4423e9f3b50670af922a8608116d7182fd728f,2.19-dev,c2a2844f6a4baa54d89482fd725ca83e4e40202a,2025-07-21 18:42:18+00:00,TYPE-V
sql,main,6c3efa1475f815fc9025a2e3c533b7b21d9ea8cf,2.19-dev,fe5eb74fccc74ccf20bfd3507eb13ac8fa28c632,2025-07-15 06:36:07+00:00,TYPE-V
sql,main,774a3a234e244c987ad967913a5027655c14ca8a,2.19-dev,52e5b9680551c1d09a17260b5283ed4bc8eba92f,2025-07-08 15:22:49+00:00,TYPE-III
sql,main,69b9e82b35a8d2b856ec7c6ae7dd2487a8c16a3a,3.0,8647ec0f6e263fc607e2c9ed1965fcd4bbf9c3a9,2025-04-25 15:14:37+00:00,TYPE-V